img,label
Dataset/Healthy/Healthy152.png,0
Dataset/Healthy/Healthy297.png,0
Dataset/Healthy/Healthy1279.png,0
Dataset/Healthy/Healthy276.png,0
Dataset/Healthy/Healthy904.png,0
Dataset/Healthy/Healthy892.png,0
Dataset/Healthy/Healthy629.png,0
Dataset/Healthy/Healthy500.png,0
Dataset/Healthy/Healthy176.png,0
Dataset/Healthy/Healthy1308.png,0
Dataset/Healthy/Healthy462.png,0
Dataset/Healthy/Healthy1221.png,0
Dataset/Healthy/Healthy1180.png,0
Dataset/Healthy/Healthy1383.png,0
Dataset/Healthy/Healthy566.png,0
Dataset/Healthy/Healthy1228.png,0
Dataset/Healthy/Healthy1164.png,0
Dataset/Healthy/Healthy323.png,0
Dataset/Healthy/Healthy1437.png,0
Dataset/Healthy/Healthy1343.png,0
Dataset/Healthy/Healthy1146.png,0
Dataset/Healthy/Healthy326.png,0
Dataset/Healthy/Healthy1515.png,0
Dataset/Healthy/Healthy477.png,0
Dataset/Healthy/Healthy1054.png,0
Dataset/Healthy/Healthy1019.png,0
Dataset/Healthy/Healthy1336.png,0
Dataset/Healthy/Healthy1440.png,0
Dataset/Healthy/Healthy1579.png,0
Dataset/Healthy/Healthy1259.png,0
Dataset/Healthy/Healthy1005.png,0
Dataset/Healthy/Healthy213.png,0
Dataset/Healthy/Healthy853.png,0
Dataset/Healthy/Healthy329.png,0
Dataset/Healthy/Healthy751.png,0
Dataset/Healthy/Healthy191.png,0
Dataset/Healthy/Healthy747.png,0
Dataset/Healthy/Healthy956.png,0
Dataset/Healthy/Healthy1084.png,0
Dataset/Healthy/Healthy1106.png,0
Dataset/Healthy/Healthy781.png,0
Dataset/Healthy/Healthy743.png,0
Dataset/Healthy/Healthy1276.png,0
Dataset/Healthy/Healthy26.png,0
Dataset/Healthy/Healthy55.png,0
Dataset/Healthy/Healthy1541.png,0
Dataset/Healthy/Healthy912.png,0
Dataset/Healthy/Healthy460.png,0
Dataset/Healthy/Healthy518.png,0
Dataset/Healthy/Healthy699.png,0
Dataset/Healthy/Healthy1620.png,0
Dataset/Healthy/Healthy525.png,0
Dataset/Healthy/Healthy812.png,0
Dataset/Healthy/Healthy1584.png,0
Dataset/Healthy/Healthy1207.png,0
Dataset/Healthy/Healthy1611.png,0
Dataset/Healthy/Healthy1473.png,0
Dataset/Healthy/Healthy235.png,0
Dataset/Healthy/Healthy1262.png,0
Dataset/Healthy/Healthy1491.png,0
Dataset/Healthy/Healthy692.png,0
Dataset/Healthy/Healthy742.png,0
Dataset/Healthy/Healthy63.png,0
Dataset/Healthy/Healthy117.png,0
Dataset/Healthy/Healthy81.png,0
Dataset/Healthy/Healthy505.png,0
Dataset/Healthy/Healthy913.png,0
Dataset/Healthy/Healthy929.png,0
Dataset/Healthy/Healthy1626.png,0
Dataset/Healthy/Healthy1324.png,0
Dataset/Healthy/Healthy1176.png,0
Dataset/Healthy/Healthy246.png,0
Dataset/Healthy/Healthy765.png,0
Dataset/Healthy/Healthy1272.png,0
Dataset/Healthy/Healthy173.png,0
Dataset/Healthy/Healthy1199.png,0
Dataset/Healthy/Healthy21.png,0
Dataset/Healthy/Healthy1351.png,0
Dataset/Healthy/Healthy68.png,0
Dataset/Healthy/Healthy1069.png,0
Dataset/Healthy/Healthy1263.png,0
Dataset/Healthy/Healthy1486.png,0
Dataset/Healthy/Healthy1374.png,0
Dataset/Healthy/Healthy289.png,0
Dataset/Healthy/Healthy758.png,0
Dataset/Healthy/Healthy1057.png,0
Dataset/Healthy/Healthy662.png,0
Dataset/Healthy/Healthy1125.png,0
Dataset/Healthy/Healthy674.png,0
Dataset/Healthy/Healthy561.png,0
Dataset/Healthy/Healthy1320.png,0
Dataset/Healthy/Healthy330.png,0
Dataset/Healthy/Healthy958.png,0
Dataset/Healthy/Healthy676.png,0
Dataset/Healthy/Healthy119.png,0
Dataset/Healthy/Healthy702.png,0
Dataset/Healthy/Healthy888.png,0
Dataset/Healthy/Healthy648.png,0
Dataset/Healthy/Healthy1477.png,0
Dataset/Healthy/Healthy1002.png,0
Dataset/Healthy/Healthy166.png,0
Dataset/Healthy/Healthy155.png,0
Dataset/Healthy/Healthy354.png,0
Dataset/Healthy/Healthy1346.png,0
Dataset/Healthy/Healthy873.png,0
Dataset/Healthy/Healthy45.png,0
Dataset/Healthy/Healthy1284.png,0
Dataset/Healthy/Healthy475.png,0
Dataset/Healthy/Healthy1239.png,0
Dataset/Healthy/Healthy1601.png,0
Dataset/Healthy/Healthy583.png,0
Dataset/Healthy/Healthy50.png,0
Dataset/Healthy/Healthy1329.png,0
Dataset/Healthy/Healthy416.png,0
Dataset/Healthy/Healthy1153.png,0
Dataset/Healthy/Healthy1457.png,0
Dataset/Healthy/Healthy1504.png,0
Dataset/Healthy/Healthy1108.png,0
Dataset/Healthy/Healthy651.png,0
Dataset/Healthy/Healthy1261.png,0
Dataset/Healthy/Healthy1156.png,0
Dataset/Healthy/Healthy1167.png,0
Dataset/Healthy/Healthy1042.png,0
Dataset/Healthy/Healthy737.png,0
Dataset/Healthy/Healthy595.png,0
Dataset/Healthy/Healthy1181.png,0
Dataset/Healthy/Healthy8.png,0
Dataset/Healthy/Healthy552.png,0
Dataset/Healthy/Healthy61.png,0
Dataset/Healthy/Healthy660.png,0
Dataset/Healthy/Healthy720.png,0
Dataset/Healthy/Healthy380.png,0
Dataset/Healthy/Healthy325.png,0
Dataset/Healthy/Healthy1010.png,0
Dataset/Healthy/Healthy839.png,0
Dataset/Healthy/Healthy677.png,0
Dataset/Healthy/Healthy1281.png,0
Dataset/Healthy/Healthy1117.png,0
Dataset/Healthy/Healthy133.png,0
Dataset/Healthy/Healthy1280.png,0
Dataset/Healthy/Healthy1610.png,0
Dataset/Healthy/Healthy942.png,0
Dataset/Healthy/Healthy1360.png,0
Dataset/Healthy/Healthy1003.png,0
Dataset/Healthy/Healthy1189.png,0
Dataset/Healthy/Healthy567.png,0
Dataset/Healthy/Healthy896.png,0
Dataset/Healthy/Healthy248.png,0
Dataset/Healthy/Healthy499.png,0
Dataset/Healthy/Healthy1345.png,0
Dataset/Healthy/Healthy785.png,0
Dataset/Healthy/Healthy174.png,0
Dataset/Healthy/Healthy974.png,0
Dataset/Healthy/Healthy1141.png,0
Dataset/Healthy/Healthy590.png,0
Dataset/Healthy/Healthy1559.png,0
Dataset/Healthy/Healthy657.png,0
Dataset/Healthy/Healthy867.png,0
Dataset/Healthy/Healthy714.png,0
Dataset/Healthy/Healthy264.png,0
Dataset/Healthy/Healthy205.png,0
Dataset/Healthy/Healthy711.png,0
Dataset/Healthy/Healthy909.png,0
Dataset/Healthy/Healthy409.png,0
Dataset/Healthy/Healthy1313.png,0
Dataset/Healthy/Healthy766.png,0
Dataset/Healthy/Healthy786.png,0
Dataset/Healthy/Healthy717.png,0
Dataset/Healthy/Healthy1214.png,0
Dataset/Healthy/Healthy841.png,0
Dataset/Healthy/Healthy965.png,0
Dataset/Healthy/Healthy1288.png,0
Dataset/Healthy/Healthy1608.png,0
Dataset/Healthy/Healthy1511.png,0
Dataset/Healthy/Healthy524.png,0
Dataset/Healthy/Healthy1138.png,0
Dataset/Healthy/Healthy1475.png,0
Dataset/Healthy/Healthy372.png,0
Dataset/Healthy/Healthy338.png,0
Dataset/Healthy/Healthy426.png,0
Dataset/Healthy/Healthy1023.png,0
Dataset/Healthy/Healthy996.png,0
Dataset/Healthy/Healthy1424.png,0
Dataset/Healthy/Healthy38.png,0
Dataset/Healthy/Healthy577.png,0
Dataset/Healthy/Healthy1091.png,0
Dataset/Healthy/Healthy18.png,0
Dataset/Healthy/Healthy111.png,0
Dataset/Healthy/Healthy1340.png,0
Dataset/Healthy/Healthy1623.png,0
Dataset/Healthy/Healthy399.png,0
Dataset/Healthy/Healthy1124.png,0
Dataset/Healthy/Healthy1233.png,0
Dataset/Healthy/Healthy413.png,0
Dataset/Healthy/Healthy1474.png,0
Dataset/Healthy/Healthy991.png,0
Dataset/Healthy/Healthy613.png,0
Dataset/Healthy/Healthy1270.png,0
Dataset/Healthy/Healthy1067.png,0
Dataset/Healthy/Healthy66.png,0
Dataset/Healthy/Healthy680.png,0
Dataset/Healthy/Healthy723.png,0
Dataset/Healthy/Healthy20.png,0
Dataset/Healthy/Healthy120.png,0
Dataset/Healthy/Healthy1127.png,0
Dataset/Healthy/Healthy1073.png,0
Dataset/Healthy/Healthy617.png,0
Dataset/Healthy/Healthy1380.png,0
Dataset/Healthy/Healthy1234.png,0
Dataset/Healthy/Healthy1103.png,0
Dataset/Healthy/Healthy811.png,0
Dataset/Healthy/Healthy1119.png,0
Dataset/Healthy/Healthy1253.png,0
Dataset/Healthy/Healthy296.png,0
Dataset/Healthy/Healthy83.png,0
Dataset/Healthy/Healthy707.png,0
Dataset/Healthy/Healthy1438.png,0
Dataset/Healthy/Healthy12.png,0
Dataset/Healthy/Healthy1316.png,0
Dataset/Healthy/Healthy1044.png,0
Dataset/Healthy/Healthy924.png,0
Dataset/Healthy/Healthy221.png,0
Dataset/Healthy/Healthy1631.png,0
Dataset/Healthy/Healthy973.png,0
Dataset/Healthy/Healthy1354.png,0
Dataset/Healthy/Healthy588.png,0
Dataset/Healthy/Healthy1583.png,0
Dataset/Healthy/Healthy652.png,0
Dataset/Healthy/Healthy1219.png,0
Dataset/Healthy/Healthy1260.png,0
Dataset/Healthy/Healthy753.png,0
Dataset/Healthy/Healthy631.png,0
Dataset/Healthy/Healthy415.png,0
Dataset/Healthy/Healthy830.png,0
Dataset/Healthy/Healthy1330.png,0
Dataset/Healthy/Healthy359.png,0
Dataset/Healthy/Healthy1072.png,0
Dataset/Healthy/Healthy997.png,0
Dataset/Healthy/Healthy1332.png,0
Dataset/Healthy/Healthy1337.png,0
Dataset/Healthy/Healthy447.png,0
Dataset/Healthy/Healthy1291.png,0
Dataset/Healthy/Healthy172.png,0
Dataset/Healthy/Healthy831.png,0
Dataset/Healthy/Healthy1393.png,0
Dataset/Healthy/Healthy46.png,0
Dataset/Healthy/Healthy1110.png,0
Dataset/Healthy/Healthy809.png,0
Dataset/Healthy/Healthy1560.png,0
Dataset/Healthy/Healthy149.png,0
Dataset/Healthy/Healthy470.png,0
Dataset/Healthy/Healthy578.png,0
Dataset/Healthy/Healthy1317.png,0
Dataset/Healthy/Healthy776.png,0
Dataset/Healthy/Healthy1007.png,0
Dataset/Healthy/Healthy450.png,0
Dataset/Healthy/Healthy1527.png,0
Dataset/Healthy/Healthy604.png,0
Dataset/Healthy/Healthy407.png,0
Dataset/Healthy/Healthy955.png,0
Dataset/Healthy/Healthy179.png,0
Dataset/Healthy/Healthy1099.png,0
Dataset/Healthy/Healthy1616.png,0
Dataset/Healthy/Healthy1463.png,0
Dataset/Healthy/Healthy492.png,0
Dataset/Healthy/Healthy1565.png,0
Dataset/Healthy/Healthy315.png,0
Dataset/Healthy/Healthy1043.png,0
Dataset/Healthy/Healthy1312.png,0
Dataset/Healthy/Healthy1229.png,0
Dataset/Healthy/Healthy1306.png,0
Dataset/Healthy/Healthy760.png,0
Dataset/Healthy/Healthy1087.png,0
Dataset/Healthy/Healthy1447.png,0
Dataset/Healthy/Healthy1464.png,0
Dataset/Healthy/Healthy850.png,0
Dataset/Healthy/Healthy542.png,0
Dataset/Healthy/Healthy899.png,0
Dataset/Healthy/Healthy930.png,0
Dataset/Healthy/Healthy585.png,0
Dataset/Healthy/Healthy430.png,0
Dataset/Healthy/Healthy914.png,0
Dataset/Healthy/Healthy1105.png,0
Dataset/Healthy/Healthy804.png,0
Dataset/Healthy/Healthy622.png,0
Dataset/Healthy/Healthy1133.png,0
Dataset/Healthy/Healthy498.png,0
Dataset/Healthy/Healthy625.png,0
Dataset/Healthy/Healthy847.png,0
Dataset/Healthy/Healthy301.png,0
Dataset/Healthy/Healthy1323.png,0
Dataset/Healthy/Healthy1450.png,0
Dataset/Healthy/Healthy575.png,0
Dataset/Healthy/Healthy1055.png,0
Dataset/Healthy/Healthy273.png,0
Dataset/Healthy/Healthy1352.png,0
Dataset/Healthy/Healthy1580.png,0
Dataset/Healthy/Healthy1066.png,0
Dataset/Healthy/Healthy1522.png,0
Dataset/Healthy/Healthy162.png,0
Dataset/Healthy/Healthy1240.png,0
Dataset/Healthy/Healthy89.png,0
Dataset/Healthy/Healthy473.png,0
Dataset/Healthy/Healthy632.png,0
Dataset/Healthy/Healthy181.png,0
Dataset/Healthy/Healthy526.png,0
Dataset/Healthy/Healthy93.png,0
Dataset/Healthy/Healthy975.png,0
Dataset/Healthy/Healthy334.png,0
Dataset/Healthy/Healthy1630.png,0
Dataset/Healthy/Healthy532.png,0
Dataset/Healthy/Healthy71.png,0
Dataset/Healthy/Healthy60.png,0
Dataset/Healthy/Healthy598.png,0
Dataset/Healthy/Healthy1163.png,0
Dataset/Healthy/Healthy97.png,0
Dataset/Healthy/Healthy278.png,0
Dataset/Healthy/Healthy224.png,0
Dataset/Healthy/Healthy1160.png,0
Dataset/Healthy/Healthy404.png,0
Dataset/Healthy/Healthy827.png,0
Dataset/Healthy/Healthy405.png,0
Dataset/Healthy/Healthy670.png,0
Dataset/Healthy/Healthy943.png,0
Dataset/Healthy/Healthy1126.png,0
Dataset/Healthy/Healthy1122.png,0
Dataset/Healthy/Healthy1237.png,0
Dataset/Healthy/Healthy819.png,0
Dataset/Healthy/Healthy754.png,0
Dataset/Healthy/Healthy478.png,0
Dataset/Healthy/Healthy1013.png,0
Dataset/Healthy/Healthy821.png,0
Dataset/Healthy/Healthy1096.png,0
Dataset/Healthy/Healthy1242.png,0
Dataset/Healthy/Healthy1166.png,0
Dataset/Healthy/Healthy356.png,0
Dataset/Healthy/Healthy1531.png,0
Dataset/Healthy/Healthy220.png,0
Dataset/Healthy/Healthy1081.png,0
Dataset/Healthy/Healthy52.png,0
Dataset/Healthy/Healthy861.png,0
Dataset/Healthy/Healthy214.png,0
Dataset/Healthy/Healthy1212.png,0
Dataset/Healthy/Healthy1455.png,0
Dataset/Healthy/Healthy175.png,0
Dataset/Healthy/Healthy482.png,0
Dataset/Healthy/Healthy9.png,0
Dataset/Healthy/Healthy90.png,0
Dataset/Healthy/Healthy1022.png,0
Dataset/Healthy/Healthy1035.png,0
Dataset/Healthy/Healthy1144.png,0
Dataset/Healthy/Healthy1614.png,0
Dataset/Healthy/Healthy1024.png,0
Dataset/Healthy/Healthy928.png,0
Dataset/Healthy/Healthy917.png,0
Dataset/Healthy/Healthy1328.png,0
Dataset/Healthy/Healthy646.png,0
Dataset/Healthy/Healthy927.png,0
Dataset/Healthy/Healthy121.png,0
Dataset/Healthy/Healthy390.png,0
Dataset/Healthy/Healthy1533.png,0
Dataset/Healthy/Healthy1175.png,0
Dataset/Healthy/Healthy398.png,0
Dataset/Healthy/Healthy856.png,0
Dataset/Healthy/Healthy1079.png,0
Dataset/Healthy/Healthy1011.png,0
Dataset/Healthy/Healthy459.png,0
Dataset/Healthy/Healthy203.png,0
Dataset/Healthy/Healthy1632.png,0
Dataset/Healthy/Healthy1200.png,0
Dataset/Healthy/Healthy977.png,0
Dataset/Healthy/Healthy1298.png,0
Dataset/Healthy/Healthy851.png,0
Dataset/Healthy/Healthy1571.png,0
Dataset/Healthy/Healthy1277.png,0
Dataset/Healthy/Healthy587.png,0
Dataset/Healthy/Healthy1483.png,0
Dataset/Healthy/Healthy655.png,0
Dataset/Healthy/Healthy1088.png,0
Dataset/Healthy/Healthy1598.png,0
Dataset/Healthy/Healthy58.png,0
Dataset/Healthy/Healthy1357.png,0
Dataset/Healthy/Healthy1349.png,0
Dataset/Healthy/Healthy818.png,0
Dataset/Healthy/Healthy1421.png,0
Dataset/Healthy/Healthy1417.png,0
Dataset/Healthy/Healthy269.png,0
Dataset/Healthy/Healthy371.png,0
Dataset/Healthy/Healthy556.png,0
Dataset/Healthy/Healthy936.png,0
Dataset/Healthy/Healthy1063.png,0
Dataset/Healthy/Healthy682.png,0
Dataset/Healthy/Healthy1622.png,0
Dataset/Healthy/Healthy1543.png,0
Dataset/Healthy/Healthy387.png,0
Dataset/Healthy/Healthy673.png,0
Dataset/Healthy/Healthy1378.png,0
Dataset/Healthy/Healthy938.png,0
Dataset/Healthy/Healthy1008.png,0
Dataset/Healthy/Healthy436.png,0
Dataset/Healthy/Healthy884.png,0
Dataset/Healthy/Healthy402.png,0
Dataset/Healthy/Healthy704.png,0
Dataset/Healthy/Healthy777.png,0
Dataset/Healthy/Healthy345.png,0
Dataset/Healthy/Healthy768.png,0
Dataset/Healthy/Healthy266.png,0
Dataset/Healthy/Healthy1021.png,0
Dataset/Healthy/Healthy568.png,0
Dataset/Healthy/Healthy654.png,0
Dataset/Healthy/Healthy1059.png,0
Dataset/Healthy/Healthy1485.png,0
Dataset/Healthy/Healthy972.png,0
Dataset/Healthy/Healthy775.png,0
Dataset/Healthy/Healthy1009.png,0
Dataset/Healthy/Healthy1068.png,0
Dataset/Healthy/Healthy882.png,0
Dataset/Healthy/Healthy923.png,0
Dataset/Healthy/Healthy377.png,0
Dataset/Healthy/Healthy194.png,0
Dataset/Healthy/Healthy293.png,0
Dataset/Healthy/Healthy576.png,0
Dataset/Healthy/Healthy1520.png,0
Dataset/Healthy/Healthy602.png,0
Dataset/Healthy/Healthy1037.png,0
Dataset/Healthy/Healthy183.png,0
Dataset/Healthy/Healthy267.png,0
Dataset/Healthy/Healthy1552.png,0
Dataset/Healthy/Healthy529.png,0
Dataset/Healthy/Healthy116.png,0
Dataset/Healthy/Healthy509.png,0
Dataset/Healthy/Healthy132.png,0
Dataset/Healthy/Healthy799.png,0
Dataset/Healthy/Healthy1089.png,0
Dataset/Healthy/Healthy1168.png,0
Dataset/Healthy/Healthy168.png,0
Dataset/Healthy/Healthy1399.png,0
Dataset/Healthy/Healthy485.png,0
Dataset/Healthy/Healthy245.png,0
Dataset/Healthy/Healthy558.png,0
Dataset/Healthy/Healthy1045.png,0
Dataset/Healthy/Healthy91.png,0
Dataset/Healthy/Healthy146.png,0
Dataset/Healthy/Healthy414.png,0
Dataset/Healthy/Healthy774.png,0
Dataset/Healthy/Healthy1595.png,0
Dataset/Healthy/Healthy939.png,0
Dataset/Healthy/Healthy432.png,0
Dataset/Healthy/Healthy557.png,0
Dataset/Healthy/Healthy825.png,0
Dataset/Healthy/Healthy1551.png,0
Dataset/Healthy/Healthy39.png,0
Dataset/Healthy/Healthy565.png,0
Dataset/Healthy/Healthy1203.png,0
Dataset/Healthy/Healthy1391.png,0
Dataset/Healthy/Healthy1215.png,0
Dataset/Healthy/Healthy196.png,0
Dataset/Healthy/Healthy1193.png,0
Dataset/Healthy/Healthy78.png,0
Dataset/Healthy/Healthy579.png,0
Dataset/Healthy/Healthy243.png,0
Dataset/Healthy/Healthy916.png,0
Dataset/Healthy/Healthy902.png,0
Dataset/Healthy/Healthy966.png,0
Dataset/Healthy/Healthy467.png,0
Dataset/Healthy/Healthy170.png,0
Dataset/Healthy/Healthy1275.png,0
Dataset/Healthy/Healthy693.png,0
Dataset/Healthy/Healthy643.png,0
Dataset/Healthy/Healthy1113.png,0
Dataset/Healthy/Healthy425.png,0
Dataset/Healthy/Healthy1246.png,0
Dataset/Healthy/Healthy919.png,0
Dataset/Healthy/Healthy1369.png,0
Dataset/Healthy/Healthy1293.png,0
Dataset/Healthy/Healthy290.png,0
Dataset/Healthy/Healthy941.png,0
Dataset/Healthy/Healthy634.png,0
Dataset/Healthy/Healthy1397.png,0
Dataset/Healthy/Healthy1508.png,0
Dataset/Healthy/Healthy1512.png,0
Dataset/Healthy/Healthy855.png,0
Dataset/Healthy/Healthy687.png,0
Dataset/Healthy/Healthy1289.png,0
Dataset/Healthy/Healthy1319.png,0
Dataset/Healthy/Healthy1183.png,0
Dataset/Healthy/Healthy816.png,0
Dataset/Healthy/Healthy1577.png,0
Dataset/Healthy/Healthy998.png,0
Dataset/Healthy/Healthy446.png,0
Dataset/Healthy/Healthy628.png,0
Dataset/Healthy/Healthy247.png,0
Dataset/Healthy/Healthy1509.png,0
Dataset/Healthy/Healthy759.png,0
Dataset/Healthy/Healthy169.png,0
Dataset/Healthy/Healthy1366.png,0
Dataset/Healthy/Healthy1471.png,0
Dataset/Healthy/Healthy813.png,0
Dataset/Healthy/Healthy234.png,0
Dataset/Healthy/Healthy13.png,0
Dataset/Healthy/Healthy1030.png,0
Dataset/Healthy/Healthy270.png,0
Dataset/Healthy/Healthy690.png,0
Dataset/Healthy/Healthy1469.png,0
Dataset/Healthy/Healthy1382.png,0
Dataset/Healthy/Healthy1482.png,0
Dataset/Healthy/Healthy1158.png,0
Dataset/Healthy/Healthy429.png,0
Dataset/Healthy/Healthy1606.png,0
Dataset/Healthy/Healthy1449.png,0
Dataset/Healthy/Healthy733.png,0
Dataset/Healthy/Healthy709.png,0
Dataset/Healthy/Healthy1266.png,0
Dataset/Healthy/Healthy1225.png,0
Dataset/Healthy/Healthy763.png,0
Dataset/Healthy/Healthy808.png,0
Dataset/Healthy/Healthy543.png,0
Dataset/Healthy/Healthy76.png,0
Dataset/Healthy/Healthy545.png,0
Dataset/Healthy/Healthy1422.png,0
Dataset/Healthy/Healthy1524.png,0
Dataset/Healthy/Healthy1572.png,0
Dataset/Healthy/Healthy550.png,0
Dataset/Healthy/Healthy158.png,0
Dataset/Healthy/Healthy1587.png,0
Dataset/Healthy/Healthy1062.png,0
Dataset/Healthy/Healthy365.png,0
Dataset/Healthy/Healthy722.png,0
Dataset/Healthy/Healthy1589.png,0
Dataset/Healthy/Healthy1414.png,0
Dataset/Healthy/Healthy1251.png,0
Dataset/Healthy/Healthy1481.png,0
Dataset/Healthy/Healthy376.png,0
Dataset/Healthy/Healthy28.png,0
Dataset/Healthy/Healthy926.png,0
Dataset/Healthy/Healthy1061.png,0
Dataset/Healthy/Healthy1389.png,0
Dataset/Healthy/Healthy1568.png,0
Dataset/Healthy/Healthy1018.png,0
Dataset/Healthy/Healthy1514.png,0
Dataset/Healthy/Healthy1462.png,0
Dataset/Healthy/Healthy869.png,0
Dataset/Healthy/Healthy244.png,0
Dataset/Healthy/Healthy1419.png,0
Dataset/Healthy/Healthy1590.png,0
Dataset/Healthy/Healthy957.png,0
Dataset/Healthy/Healthy148.png,0
Dataset/Healthy/Healthy1434.png,0
Dataset/Healthy/Healthy658.png,0
Dataset/Healthy/Healthy1521.png,0
Dataset/Healthy/Healthy294.png,0
Dataset/Healthy/Healthy57.png,0
Dataset/Healthy/Healthy559.png,0
Dataset/Healthy/Healthy876.png,0
Dataset/Healthy/Healthy761.png,0
Dataset/Healthy/Healthy510.png,0
Dataset/Healthy/Healthy1555.png,0
Dataset/Healthy/Healthy600.png,0
Dataset/Healthy/Healthy572.png,0
Dataset/Healthy/Healthy1538.png,0
Dataset/Healthy/Healthy34.png,0
Dataset/Healthy/Healthy1287.png,0
Dataset/Healthy/Healthy1596.png,0
Dataset/Healthy/Healthy1353.png,0
Dataset/Healthy/Healthy1300.png,0
Dataset/Healthy/Healthy1224.png,0
Dataset/Healthy/Healthy1498.png,0
Dataset/Healthy/Healthy961.png,0
Dataset/Healthy/Healthy424.png,0
Dataset/Healthy/Healthy1294.png,0
Dataset/Healthy/Healthy378.png,0
Dataset/Healthy/Healthy931.png,0
Dataset/Healthy/Healthy188.png,0
Dataset/Healthy/Healthy757.png,0
Dataset/Healthy/Healthy807.png,0
Dataset/Healthy/Healthy863.png,0
Dataset/Healthy/Healthy536.png,0
Dataset/Healthy/Healthy200.png,0
Dataset/Healthy/Healthy1245.png,0
Dataset/Healthy/Healthy870.png,0
Dataset/Healthy/Healthy465.png,0
Dataset/Healthy/Healthy947.png,0
Dataset/Healthy/Healthy738.png,0
Dataset/Healthy/Healthy661.png,0
Dataset/Healthy/Healthy340.png,0
Dataset/Healthy/Healthy745.png,0
Dataset/Healthy/Healthy1130.png,0
Dataset/Healthy/Healthy835.png,0
Dataset/Healthy/Healthy1582.png,0
Dataset/Healthy/Healthy608.png,0
Dataset/Healthy/Healthy848.png,0
Dataset/Healthy/Healthy993.png,0
Dataset/Healthy/Healthy591.png,0
Dataset/Healthy/Healthy610.png,0
Dataset/Healthy/Healthy1585.png,0
Dataset/Healthy/Healthy468.png,0
Dataset/Healthy/Healthy1094.png,0
Dataset/Healthy/Healthy877.png,0
Dataset/Healthy/Healthy584.png,0
Dataset/Healthy/Healthy142.png,0
Dataset/Healthy/Healthy1536.png,0
Dataset/Healthy/Healthy75.png,0
Dataset/Healthy/Healthy54.png,0
Dataset/Healthy/Healthy1605.png,0
Dataset/Healthy/Healthy730.png,0
Dataset/Healthy/Healthy1617.png,0
Dataset/Healthy/Healthy740.png,0
Dataset/Healthy/Healthy1395.png,0
Dataset/Healthy/Healthy664.png,0
Dataset/Healthy/Healthy253.png,0
Dataset/Healthy/Healthy352.png,0
Dataset/Healthy/Healthy1558.png,0
Dataset/Healthy/Healthy618.png,0
Dataset/Healthy/Healthy88.png,0
Dataset/Healthy/Healthy303.png,0
Dataset/Healthy/Healthy298.png,0
Dataset/Healthy/Healthy275.png,0
Dataset/Healthy/Healthy403.png,0
Dataset/Healthy/Healthy1053.png,0
Dataset/Healthy/Healthy487.png,0
Dataset/Healthy/Healthy983.png,0
Dataset/Healthy/Healthy313.png,0
Dataset/Healthy/Healthy1076.png,0
Dataset/Healthy/Healthy1392.png,0
Dataset/Healthy/Healthy706.png,0
Dataset/Healthy/Healthy1256.png,0
Dataset/Healthy/Healthy1549.png,0
Dataset/Healthy/Healthy1476.png,0
Dataset/Healthy/Healthy33.png,0
Dataset/Healthy/Healthy906.png,0
Dataset/Healthy/Healthy502.png,0
Dataset/Healthy/Healthy311.png,0
Dataset/Healthy/Healthy944.png,0
Dataset/Healthy/Healthy319.png,0
Dataset/Healthy/Healthy164.png,0
Dataset/Healthy/Healthy29.png,0
Dataset/Healthy/Healthy10.png,0
Dataset/Healthy/Healthy1621.png,0
Dataset/Healthy/Healthy431.png,0
Dataset/Healthy/Healthy113.png,0
Dataset/Healthy/Healthy1244.png,0
Dataset/Healthy/Healthy102.png,0
Dataset/Healthy/Healthy1430.png,0
Dataset/Healthy/Healthy611.png,0
Dataset/Healthy/Healthy685.png,0
Dataset/Healthy/Healthy1479.png,0
Dataset/Healthy/Healthy406.png,0
Dataset/Healthy/Healthy1211.png,0
Dataset/Healthy/Healthy838.png,0
Dataset/Healthy/Healthy48.png,0
Dataset/Healthy/Healthy859.png,0
Dataset/Healthy/Healthy157.png,0
Dataset/Healthy/Healthy1371.png,0
Dataset/Healthy/Healthy342.png,0
Dataset/Healthy/Healthy1456.png,0
Dataset/Healthy/Healthy65.png,0
Dataset/Healthy/Healthy1304.png,0
Dataset/Healthy/Healthy1238.png,0
Dataset/Healthy/Healthy1396.png,0
Dataset/Healthy/Healthy732.png,0
Dataset/Healthy/Healthy918.png,0
Dataset/Healthy/Healthy423.png,0
Dataset/Healthy/Healthy1151.png,0
Dataset/Healthy/Healthy161.png,0
Dataset/Healthy/Healthy1390.png,0
Dataset/Healthy/Healthy1384.png,0
Dataset/Healthy/Healthy337.png,0
Dataset/Healthy/Healthy549.png,0
Dataset/Healthy/Healthy503.png,0
Dataset/Healthy/Healthy727.png,0
Dataset/Healthy/Healthy1116.png,0
Dataset/Healthy/Healthy141.png,0
Dataset/Healthy/Healthy84.png,0
Dataset/Healthy/Healthy1047.png,0
Dataset/Healthy/Healthy94.png,0
Dataset/Healthy/Healthy222.png,0
Dataset/Healthy/Healthy223.png,0
Dataset/Healthy/Healthy621.png,0
Dataset/Healthy/Healthy384.png,0
Dataset/Healthy/Healthy228.png,0
Dataset/Healthy/Healthy1206.png,0
Dataset/Healthy/Healthy36.png,0
Dataset/Healthy/Healthy1553.png,0
Dataset/Healthy/Healthy1495.png,0
Dataset/Healthy/Healthy1205.png,0
Dataset/Healthy/Healthy19.png,0
Dataset/Healthy/Healthy153.png,0
Dataset/Healthy/Healthy44.png,0
Dataset/Healthy/Healthy489.png,0
Dataset/Healthy/Healthy1112.png,0
Dataset/Healthy/Healthy332.png,0
Dataset/Healthy/Healthy1299.png,0
Dataset/Healthy/Healthy255.png,0
Dataset/Healthy/Healthy1123.png,0
Dataset/Healthy/Healthy481.png,0
Dataset/Healthy/Healthy1107.png,0
Dataset/Healthy/Healthy411.png,0
Dataset/Healthy/Healthy299.png,0
Dataset/Healthy/Healthy1095.png,0
Dataset/Healthy/Healthy135.png,0
Dataset/Healthy/Healthy1154.png,0
Dataset/Healthy/Healthy596.png,0
Dataset/Healthy/Healthy866.png,0
Dataset/Healthy/Healthy1326.png,0
Dataset/Healthy/Healthy1136.png,0
Dataset/Healthy/Healthy279.png,0
Dataset/Healthy/Healthy592.png,0
Dataset/Healthy/Healthy1048.png,0
Dataset/Healthy/Healthy302.png,0
Dataset/Healthy/Healthy971.png,0
Dataset/Healthy/Healthy410.png,0
Dataset/Healthy/Healthy860.png,0
Dataset/Healthy/Healthy1314.png,0
Dataset/Healthy/Healthy1613.png,0
Dataset/Healthy/Healthy361.png,0
Dataset/Healthy/Healthy734.png,0
Dataset/Healthy/Healthy1537.png,0
Dataset/Healthy/Healthy231.png,0
Dataset/Healthy/Healthy328.png,0
Dataset/Healthy/Healthy1548.png,0
Dataset/Healthy/Healthy336.png,0
Dataset/Healthy/Healthy671.png,0
Dataset/Healthy/Healthy99.png,0
Dataset/Healthy/Healthy204.png,0
Dataset/Healthy/Healthy762.png,0
Dataset/Healthy/Healthy1267.png,0
Dataset/Healthy/Healthy257.png,0
Dataset/Healthy/Healthy1034.png,0
Dataset/Healthy/Healthy445.png,0
Dataset/Healthy/Healthy480.png,0
Dataset/Healthy/Healthy417.png,0
Dataset/Healthy/Healthy764.png,0
Dataset/Healthy/Healthy894.png,0
Dataset/Healthy/Healthy712.png,0
Dataset/Healthy/Healthy1065.png,0
Dataset/Healthy/Healthy511.png,0
Dataset/Healthy/Healthy1607.png,0
Dataset/Healthy/Healthy725.png,0
Dataset/Healthy/Healthy1104.png,0
Dataset/Healthy/Healthy806.png,0
Dataset/Healthy/Healthy312.png,0
Dataset/Healthy/Healthy1074.png,0
Dataset/Healthy/Healthy1016.png,0
Dataset/Healthy/Healthy868.png,0
Dataset/Healthy/Healthy1322.png,0
Dataset/Healthy/Healthy1388.png,0
Dataset/Healthy/Healthy488.png,0
Dataset/Healthy/Healthy1415.png,0
Dataset/Healthy/Healthy17.png,0
Dataset/Healthy/Healthy883.png,0
Dataset/Healthy/Healthy251.png,0
Dataset/Healthy/Healthy401.png,0
Dataset/Healthy/Healthy546.png,0
Dataset/Healthy/Healthy73.png,0
Dataset/Healthy/Healthy1480.png,0
Dataset/Healthy/Healthy755.png,0
Dataset/Healthy/Healthy1216.png,0
Dataset/Healthy/Healthy1625.png,0
Dataset/Healthy/Healthy1194.png,0
Dataset/Healthy/Healthy159.png,0
Dataset/Healthy/Healthy180.png,0
Dataset/Healthy/Healthy1446.png,0
Dataset/Healthy/Healthy615.png,0
Dataset/Healthy/Healthy412.png,0
Dataset/Healthy/Healthy1150.png,0
Dataset/Healthy/Healthy1174.png,0
Dataset/Healthy/Healthy729.png,0
Dataset/Healthy/Healthy817.png,0
Dataset/Healthy/Healthy1111.png,0
Dataset/Healthy/Healthy1487.png,0
Dataset/Healthy/Healthy824.png,0
Dataset/Healthy/Healthy642.png,0
Dataset/Healthy/Healthy53.png,0
Dataset/Healthy/Healthy150.png,0
Dataset/Healthy/Healthy790.png,0
Dataset/Healthy/Healthy282.png,0
Dataset/Healthy/Healthy1173.png,0
Dataset/Healthy/Healthy144.png,0
Dataset/Healthy/Healthy1157.png,0
Dataset/Healthy/Healthy1385.png,0
Dataset/Healthy/Healthy805.png,0
Dataset/Healthy/Healthy383.png,0
Dataset/Healthy/Healthy716.png,0
Dataset/Healthy/Healthy696.png,0
Dataset/Healthy/Healthy1093.png,0
Dataset/Healthy/Healthy193.png,0
Dataset/Healthy/Healthy249.png,0
Dataset/Healthy/Healthy82.png,0
Dataset/Healthy/Healthy840.png,0
Dataset/Healthy/Healthy260.png,0
Dataset/Healthy/Healthy100.png,0
Dataset/Healthy/Healthy948.png,0
Dataset/Healthy/Healthy396.png,0
Dataset/Healthy/Healthy408.png,0
Dataset/Healthy/Healthy210.png,0
Dataset/Healthy/Healthy620.png,0
Dataset/Healthy/Healthy1530.png,0
Dataset/Healthy/Healthy77.png,0
Dataset/Healthy/Healthy792.png,0
Dataset/Healthy/Healthy1071.png,0
Dataset/Healthy/Healthy1086.png,0
Dataset/Healthy/Healthy569.png,0
Dataset/Healthy/Healthy1539.png,0
Dataset/Healthy/Healthy101.png,0
Dataset/Healthy/Healthy138.png,0
Dataset/Healthy/Healthy952.png,0
Dataset/Healthy/Healthy464.png,0
Dataset/Healthy/Healthy829.png,0
Dataset/Healthy/Healthy932.png,0
Dataset/Healthy/Healthy1490.png,0
Dataset/Healthy/Healthy1545.png,0
Dataset/Healthy/Healthy490.png,0
Dataset/Healthy/Healthy721.png,0
Dataset/Healthy/Healthy675.png,0
Dataset/Healthy/Healthy1402.png,0
Dataset/Healthy/Healthy355.png,0
Dataset/Healthy/Healthy901.png,0
Dataset/Healthy/Healthy573.png,0
Dataset/Healthy/Healthy946.png,0
Dataset/Healthy/Healthy968.png,0
Dataset/Healthy/Healthy1028.png,0
Dataset/Healthy/Healthy437.png,0
Dataset/Healthy/Healthy433.png,0
Dataset/Healthy/Healthy1273.png,0
Dataset/Healthy/Healthy344.png,0
Dataset/Healthy/Healthy98.png,0
Dataset/Healthy/Healthy864.png,0
Dataset/Healthy/Healthy772.png,0
Dataset/Healthy/Healthy1458.png,0
Dataset/Healthy/Healthy1198.png,0
Dataset/Healthy/Healthy31.png,0
Dataset/Healthy/Healthy1468.png,0
Dataset/Healthy/Healthy1247.png,0
Dataset/Healthy/Healthy1129.png,0
Dataset/Healthy/Healthy1451.png,0
Dataset/Healthy/Healthy1505.png,0
Dataset/Healthy/Healthy1254.png,0
Dataset/Healthy/Healthy474.png,0
Dataset/Healthy/Healthy1128.png,0
Dataset/Healthy/Healthy1432.png,0
Dataset/Healthy/Healthy547.png,0
Dataset/Healthy/Healthy1278.png,0
Dataset/Healthy/Healthy698.png,0
Dataset/Healthy/Healthy1271.png,0
Dataset/Healthy/Healthy110.png,0
Dataset/Healthy/Healthy523.png,0
Dataset/Healthy/Healthy295.png,0
Dataset/Healthy/Healthy814.png,0
Dataset/Healthy/Healthy252.png,0
Dataset/Healthy/Healthy1185.png,0
Dataset/Healthy/Healthy954.png,0
Dataset/Healthy/Healthy1497.png,0
Dataset/Healthy/Healthy619.png,0
Dataset/Healthy/Healthy669.png,0
Dataset/Healthy/Healthy1327.png,0
Dataset/Healthy/Healthy915.png,0
Dataset/Healthy/Healthy1420.png,0
Dataset/Healthy/Healthy1269.png,0
Dataset/Healthy/Healthy1454.png,0
Dataset/Healthy/Healthy435.png,0
Dataset/Healthy/Healthy1134.png,0
Dataset/Healthy/Healthy1407.png,0
Dataset/Healthy/Healthy1586.png,0
Dataset/Healthy/Healthy519.png,0
Dataset/Healthy/Healthy1429.png,0
Dataset/Healthy/Healthy393.png,0
Dataset/Healthy/Healthy1318.png,0
Dataset/Healthy/Healthy563.png,0
Dataset/Healthy/Healthy1227.png,0
Dataset/Healthy/Healthy767.png,0
Dataset/Healthy/Healthy1191.png,0
Dataset/Healthy/Healthy889.png,0
Dataset/Healthy/Healthy1274.png,0
Dataset/Healthy/Healthy1567.png,0
Dataset/Healthy/Healthy842.png,0
Dataset/Healthy/Healthy1147.png,0
Dataset/Healthy/Healthy127.png,0
Dataset/Healthy/Healthy238.png,0
Dataset/Healthy/Healthy1593.png,0
Dataset/Healthy/Healthy1014.png,0
Dataset/Healthy/Healthy684.png,0
Dataset/Healthy/Healthy724.png,0
Dataset/Healthy/Healthy989.png,0
Dataset/Healthy/Healthy969.png,0
Dataset/Healthy/Healthy472.png,0
Dataset/Healthy/Healthy667.png,0
Dataset/Healthy/Healthy995.png,0
Dataset/Healthy/Healthy461.png,0
Dataset/Healthy/Healthy905.png,0
Dataset/Healthy/Healthy1379.png,0
Dataset/Healthy/Healthy630.png,0
Dataset/Healthy/Healthy151.png,0
Dataset/Healthy/Healthy261.png,0
Dataset/Healthy/Healthy358.png,0
Dataset/Healthy/Healthy195.png,0
Dataset/Healthy/Healthy1050.png,0
Dataset/Healthy/Healthy1408.png,0
Dataset/Healthy/Healthy715.png,0
Dataset/Healthy/Healthy986.png,0
Dataset/Healthy/Healthy589.png,0
Dataset/Healthy/Healthy1169.png,0
Dataset/Healthy/Healthy994.png,0
Dataset/Healthy/Healthy858.png,0
Dataset/Healthy/Healthy67.png,0
Dataset/Healthy/Healthy1472.png,0
Dataset/Healthy/Healthy822.png,0
Dataset/Healthy/Healthy118.png,0
Dataset/Healthy/Healthy1615.png,0
Dataset/Healthy/Healthy187.png,0
Dataset/Healthy/Healthy265.png,0
Dataset/Healthy/Healthy1588.png,0
Dataset/Healthy/Healthy560.png,0
Dataset/Healthy/Healthy318.png,0
Dataset/Healthy/Healthy209.png,0
Dataset/Healthy/Healthy1056.png,0
Dataset/Healthy/Healthy103.png,0
Dataset/Healthy/Healthy1098.png,0
Dataset/Healthy/Healthy893.png,0
Dataset/Healthy/Healthy114.png,0
Dataset/Healthy/Healthy1192.png,0
Dataset/Healthy/Healthy419.png,0
Dataset/Healthy/Healthy1556.png,0
Dataset/Healthy/Healthy789.png,0
Dataset/Healthy/Healthy844.png,0
Dataset/Healthy/Healthy1564.png,0
Dataset/Healthy/Healthy1213.png,0
Dataset/Healthy/Healthy921.png,0
Dataset/Healthy/Healthy207.png,0
Dataset/Healthy/Healthy937.png,0
Dataset/Healthy/Healthy978.png,0
Dataset/Healthy/Healthy1295.png,0
Dataset/Healthy/Healthy1202.png,0
Dataset/Healthy/Healthy531.png,0
Dataset/Healthy/Healthy1248.png,0
Dataset/Healthy/Healthy700.png,0
Dataset/Healthy/Healthy232.png,0
Dataset/Healthy/Healthy582.png,0
Dataset/Healthy/Healthy538.png,0
Dataset/Healthy/Healthy1542.png,0
Dataset/Healthy/Healthy833.png,0
Dataset/Healthy/Healthy1561.png,0
Dataset/Healthy/Healthy1264.png,0
Dataset/Healthy/Healthy945.png,0
Dataset/Healthy/Healthy305.png,0
Dataset/Healthy/Healthy386.png,0
Dataset/Healthy/Healthy843.png,0
Dataset/Healthy/Healthy1115.png,0
Dataset/Healthy/Healthy1064.png,0
Dataset/Healthy/Healthy793.png,0
Dataset/Healthy/Healthy683.png,0
Dataset/Healthy/Healthy280.png,0
Dataset/Healthy/Healthy1609.png,0
Dataset/Healthy/Healthy862.png,0
Dataset/Healthy/Healthy271.png,0
Dataset/Healthy/Healthy440.png,0
Dataset/Healthy/Healthy186.png,0
Dataset/Healthy/Healthy1333.png,0
Dataset/Healthy/Healthy1004.png,0
Dataset/Healthy/Healthy801.png,0
Dataset/Healthy/Healthy1573.png,0
Dataset/Healthy/Healthy324.png,0
Dataset/Healthy/Healthy1046.png,0
Dataset/Healthy/Healthy1078.png,0
Dataset/Healthy/Healthy1131.png,0
Dataset/Healthy/Healthy1591.png,0
Dataset/Healthy/Healthy316.png,0
Dataset/Healthy/Healthy988.png,0
Dataset/Healthy/Healthy520.png,0
Dataset/Healthy/Healthy787.png,0
Dataset/Healthy/Healthy3.png,0
Dataset/Healthy/Healthy718.png,0
Dataset/Healthy/Healthy368.png,0
Dataset/Healthy/Healthy1372.png,0
Dataset/Healthy/Healthy1627.png,0
Dataset/Healthy/Healthy778.png,0
Dataset/Healthy/Healthy80.png,0
Dataset/Healthy/Healthy910.png,0
Dataset/Healthy/Healthy922.png,0
Dataset/Healthy/Healthy1376.png,0
Dataset/Healthy/Healthy1301.png,0
Dataset/Healthy/Healthy47.png,0
Dataset/Healthy/Healthy1029.png,0
Dataset/Healthy/Healthy849.png,0
Dataset/Healthy/Healthy1418.png,0
Dataset/Healthy/Healthy1576.png,0
Dataset/Healthy/Healthy644.png,0
Dataset/Healthy/Healthy1142.png,0
Dataset/Healthy/Healthy59.png,0
Dataset/Healthy/Healthy418.png,0
Dataset/Healthy/Healthy783.png,0
Dataset/Healthy/Healthy1265.png,0
Dataset/Healthy/Healthy900.png,0
Dataset/Healthy/Healthy1236.png,0
Dataset/Healthy/Healthy453.png,0
Dataset/Healthy/Healthy1535.png,0
Dataset/Healthy/Healthy639.png,0
Dataset/Healthy/Healthy454.png,0
Dataset/Healthy/Healthy74.png,0
Dataset/Healthy/Healthy1339.png,0
Dataset/Healthy/Healthy1431.png,0
Dataset/Healthy/Healthy887.png,0
Dataset/Healthy/Healthy349.png,0
Dataset/Healthy/Healthy782.png,0
Dataset/Healthy/Healthy109.png,0
Dataset/Healthy/Healthy681.png,0
Dataset/Healthy/Healthy256.png,0
Dataset/Healthy/Healthy1592.png,0
Dataset/Healthy/Healthy1000.png,0
Dataset/Healthy/Healthy1118.png,0
Dataset/Healthy/Healthy420.png,0
Dataset/Healthy/Healthy788.png,0
Dataset/Healthy/Healthy637.png,0
Dataset/Healthy/Healthy1513.png,0
Dataset/Healthy/Healthy239.png,0
Dataset/Healthy/Healthy448.png,0
Dataset/Healthy/Healthy1232.png,0
Dataset/Healthy/Healthy1321.png,0
Dataset/Healthy/Healthy444.png,0
Dataset/Healthy/Healthy250.png,0
Dataset/Healthy/Healthy163.png,0
Dataset/Healthy/Healthy362.png,0
Dataset/Healthy/Healthy24.png,0
Dataset/Healthy/Healthy375.png,0
Dataset/Healthy/Healthy1196.png,0
Dataset/Healthy/Healthy43.png,0
Dataset/Healthy/Healthy1190.png,0
Dataset/Healthy/Healthy823.png,0
Dataset/Healthy/Healthy564.png,0
Dataset/Healthy/Healthy1603.png,0
Dataset/Healthy/Healthy1038.png,0
Dataset/Healthy/Healthy1489.png,0
Dataset/Healthy/Healthy701.png,0
Dataset/Healthy/Healthy197.png,0
Dataset/Healthy/Healthy872.png,0
Dataset/Healthy/Healthy115.png,0
Dataset/Healthy/Healthy688.png,0
Dataset/Healthy/Healthy219.png,0
Dataset/Healthy/Healthy771.png,0
Dataset/Healthy/Healthy353.png,0
Dataset/Healthy/Healthy198.png,0
Dataset/Healthy/Healthy381.png,0
Dataset/Healthy/Healthy1258.png,0
Dataset/Healthy/Healthy136.png,0
Dataset/Healthy/Healthy1186.png,0
Dataset/Healthy/Healthy1036.png,0
Dataset/Healthy/Healthy1342.png,0
Dataset/Healthy/Healthy1344.png,0
Dataset/Healthy/Healthy940.png,0
Dataset/Healthy/Healthy79.png,0
Dataset/Healthy/Healthy1092.png,0
Dataset/Healthy/Healthy6.png,0
Dataset/Healthy/Healthy554.png,0
Dataset/Healthy/Healthy1546.png,0
Dataset/Healthy/Healthy1296.png,0
Dataset/Healthy/Healthy1368.png,0
Dataset/Healthy/Healthy731.png,0
Dataset/Healthy/Healthy1305.png,0
Dataset/Healthy/Healthy1405.png,0
Dataset/Healthy/Healthy1101.png,0
Dataset/Healthy/Healthy1032.png,0
Dataset/Healthy/Healthy64.png,0
Dataset/Healthy/Healthy1460.png,0
Dataset/Healthy/Healthy11.png,0
Dataset/Healthy/Healthy1026.png,0
Dataset/Healthy/Healthy137.png,0
Dataset/Healthy/Healthy686.png,0
Dataset/Healthy/Healthy350.png,0
Dataset/Healthy/Healthy254.png,0
Dataset/Healthy/Healthy1506.png,0
Dataset/Healthy/Healthy880.png,0
Dataset/Healthy/Healthy466.png,0
Dataset/Healthy/Healthy603.png,0
Dataset/Healthy/Healthy218.png,0
Dataset/Healthy/Healthy469.png,0
Dataset/Healthy/Healthy1618.png,0
Dataset/Healthy/Healthy541.png,0
Dataset/Healthy/Healthy212.png,0
Dataset/Healthy/Healthy719.png,0
Dataset/Healthy/Healthy1544.png,0
Dataset/Healthy/Healthy1528.png,0
Dataset/Healthy/Healthy535.png,0
Dataset/Healthy/Healthy959.png,0
Dataset/Healthy/Healthy1195.png,0
Dataset/Healthy/Healthy623.png,0
Dataset/Healthy/Healthy1058.png,0
Dataset/Healthy/Healthy131.png,0
Dataset/Healthy/Healthy885.png,0
Dataset/Healthy/Healthy1594.png,0
Dataset/Healthy/Healthy539.png,0
Dataset/Healthy/Healthy15.png,0
Dataset/Healthy/Healthy1578.png,0
Dataset/Healthy/Healthy2.png,0
Dataset/Healthy/Healthy1358.png,0
Dataset/Healthy/Healthy1550.png,0
Dataset/Healthy/Healthy1409.png,0
Dataset/Healthy/Healthy106.png,0
Dataset/Healthy/Healthy593.png,0
Dataset/Healthy/Healthy1394.png,0
Dataset/Healthy/Healthy367.png,0
Dataset/Healthy/Healthy30.png,0
Dataset/Healthy/Healthy171.png,0
Dataset/Healthy/Healthy779.png,0
Dataset/Healthy/Healthy1411.png,0
Dataset/Healthy/Healthy834.png,0
Dataset/Healthy/Healthy748.png,0
Dataset/Healthy/Healthy457.png,0
Dataset/Healthy/Healthy555.png,0
Dataset/Healthy/Healthy898.png,0
Dataset/Healthy/Healthy852.png,0
Dataset/Healthy/Healthy497.png,0
Dataset/Healthy/Healthy357.png,0
Dataset/Healthy/Healthy544.png,0
Dataset/Healthy/Healthy633.png,0
Dataset/Healthy/Healthy139.png,0
Dataset/Healthy/Healthy1172.png,0
Dataset/Healthy/Healthy1302.png,0
Dataset/Healthy/Healthy320.png,0
Dataset/Healthy/Healthy1436.png,0
Dataset/Healthy/Healthy530.png,0
Dataset/Healthy/Healthy710.png,0
Dataset/Healthy/Healthy215.png,0
Dataset/Healthy/Healthy1208.png,0
Dataset/Healthy/Healthy1250.png,0
Dataset/Healthy/Healthy1493.png,0
Dataset/Healthy/Healthy504.png,0
Dataset/Healthy/Healthy331.png,0
Dataset/Healthy/Healthy1574.png,0
Dataset/Healthy/Healthy185.png,0
Dataset/Healthy/Healthy458.png,0
Dataset/Healthy/Healthy1170.png,0
Dataset/Healthy/Healthy105.png,0
Dataset/Healthy/Healthy130.png,0
Dataset/Healthy/Healthy586.png,0
Dataset/Healthy/Healthy612.png,0
Dataset/Healthy/Healthy208.png,0
Dataset/Healthy/Healthy1412.png,0
Dataset/Healthy/Healthy1012.png,0
Dataset/Healthy/Healthy694.png,0
Dataset/Healthy/Healthy25.png,0
Dataset/Healthy/Healthy1315.png,0
Dataset/Healthy/Healthy1310.png,0
Dataset/Healthy/Healthy1285.png,0
Dataset/Healthy/Healthy1135.png,0
Dataset/Healthy/Healthy1257.png,0
Dataset/Healthy/Healthy241.png,0
Dataset/Healthy/Healthy1518.png,0
Dataset/Healthy/Healthy306.png,0
Dataset/Healthy/Healthy1453.png,0
Dataset/Healthy/Healthy1425.png,0
Dataset/Healthy/Healthy16.png,0
Dataset/Healthy/Healthy514.png,0
Dataset/Healthy/Healthy284.png,0
Dataset/Healthy/Healthy428.png,0
Dataset/Healthy/Healthy951.png,0
Dataset/Healthy/Healthy649.png,0
Dataset/Healthy/Healthy548.png,0
Dataset/Healthy/Healthy837.png,0
Dataset/Healthy/Healthy726.png,0
Dataset/Healthy/Healthy1307.png,0
Dataset/Healthy/Healthy635.png,0
Dataset/Healthy/Healthy1338.png,0
Dataset/Healthy/Healthy85.png,0
Dataset/Healthy/Healthy258.png,0
Dataset/Healthy/Healthy874.png,0
Dataset/Healthy/Healthy857.png,0
Dataset/Healthy/Healthy37.png,0
Dataset/Healthy/Healthy581.png,0
Dataset/Healthy/Healthy689.png,0
Dataset/Healthy/Healthy508.png,0
Dataset/Healthy/Healthy363.png,0
Dataset/Healthy/Healthy990.png,0
Dataset/Healthy/Healthy1347.png,0
Dataset/Healthy/Healthy1350.png,0
Dataset/Healthy/Healthy1220.png,0
Dataset/Healthy/Healthy967.png,0
Dataset/Healthy/Healthy343.png,0
Dataset/Healthy/Healthy308.png,0
Dataset/Healthy/Healthy865.png,0
Dataset/Parkinson/Parkinson336.png,1
Dataset/Parkinson/Parkinson232.png,1
Dataset/Parkinson/Parkinson1595.png,1
Dataset/Parkinson/Parkinson1242.png,1
Dataset/Parkinson/Parkinson962.png,1
Dataset/Parkinson/Parkinson610.png,1
Dataset/Parkinson/Parkinson316.png,1
Dataset/Parkinson/Parkinson566.png,1
Dataset/Parkinson/Parkinson461.png,1
Dataset/Parkinson/Parkinson1169.png,1
Dataset/Parkinson/Parkinson1452.png,1
Dataset/Parkinson/Parkinson943.png,1
Dataset/Parkinson/Parkinson1492.png,1
Dataset/Parkinson/Parkinson836.png,1
Dataset/Parkinson/Parkinson1146.png,1
Dataset/Parkinson/Parkinson786.png,1
Dataset/Parkinson/Parkinson435.png,1
Dataset/Parkinson/Parkinson1307.png,1
Dataset/Parkinson/Parkinson199.png,1
Dataset/Parkinson/Parkinson69.png,1
Dataset/Parkinson/Parkinson370.png,1
Dataset/Parkinson/Parkinson1302.png,1
Dataset/Parkinson/Parkinson252.png,1
Dataset/Parkinson/Parkinson1453.png,1
Dataset/Parkinson/Parkinson34.png,1
Dataset/Parkinson/Parkinson945.png,1
Dataset/Parkinson/Parkinson1397.png,1
Dataset/Parkinson/Parkinson6.png,1
Dataset/Parkinson/Parkinson1042.png,1
Dataset/Parkinson/Parkinson536.png,1
Dataset/Parkinson/Parkinson1264.png,1
Dataset/Parkinson/Parkinson560.png,1
Dataset/Parkinson/Parkinson96.png,1
Dataset/Parkinson/Parkinson44.png,1
Dataset/Parkinson/Parkinson864.png,1
Dataset/Parkinson/Parkinson337.png,1
Dataset/Parkinson/Parkinson1005.png,1
Dataset/Parkinson/Parkinson529.png,1
Dataset/Parkinson/Parkinson500.png,1
Dataset/Parkinson/Parkinson1398.png,1
Dataset/Parkinson/Parkinson283.png,1
Dataset/Parkinson/Parkinson645.png,1
Dataset/Parkinson/Parkinson282.png,1
Dataset/Parkinson/Parkinson1060.png,1
Dataset/Parkinson/Parkinson910.png,1
Dataset/Parkinson/Parkinson825.png,1
Dataset/Parkinson/Parkinson182.png,1
Dataset/Parkinson/Parkinson406.png,1
Dataset/Parkinson/Parkinson1266.png,1
Dataset/Parkinson/Parkinson833.png,1
Dataset/Parkinson/Parkinson417.png,1
Dataset/Parkinson/Parkinson1529.png,1
Dataset/Parkinson/Parkinson28.png,1
Dataset/Parkinson/Parkinson980.png,1
Dataset/Parkinson/Parkinson781.png,1
Dataset/Parkinson/Parkinson368.png,1
Dataset/Parkinson/Parkinson1202.png,1
Dataset/Parkinson/Parkinson1239.png,1
Dataset/Parkinson/Parkinson294.png,1
Dataset/Parkinson/Parkinson1141.png,1
Dataset/Parkinson/Parkinson145.png,1
Dataset/Parkinson/Parkinson265.png,1
Dataset/Parkinson/Parkinson1192.png,1
Dataset/Parkinson/Parkinson993.png,1
Dataset/Parkinson/Parkinson1249.png,1
Dataset/Parkinson/Parkinson1051.png,1
Dataset/Parkinson/Parkinson961.png,1
Dataset/Parkinson/Parkinson754.png,1
Dataset/Parkinson/Parkinson411.png,1
Dataset/Parkinson/Parkinson338.png,1
Dataset/Parkinson/Parkinson1459.png,1
Dataset/Parkinson/Parkinson546.png,1
Dataset/Parkinson/Parkinson1231.png,1
Dataset/Parkinson/Parkinson1615.png,1
Dataset/Parkinson/Parkinson1383.png,1
Dataset/Parkinson/Parkinson437.png,1
Dataset/Parkinson/Parkinson541.png,1
Dataset/Parkinson/Parkinson760.png,1
Dataset/Parkinson/Parkinson1562.png,1
Dataset/Parkinson/Parkinson512.png,1
Dataset/Parkinson/Parkinson120.png,1
Dataset/Parkinson/Parkinson21.png,1
Dataset/Parkinson/Parkinson1129.png,1
Dataset/Parkinson/Parkinson589.png,1
Dataset/Parkinson/Parkinson662.png,1
Dataset/Parkinson/Parkinson710.png,1
Dataset/Parkinson/Parkinson43.png,1
Dataset/Parkinson/Parkinson105.png,1
Dataset/Parkinson/Parkinson41.png,1
Dataset/Parkinson/Parkinson212.png,1
Dataset/Parkinson/Parkinson711.png,1
Dataset/Parkinson/Parkinson140.png,1
Dataset/Parkinson/Parkinson1405.png,1
Dataset/Parkinson/Parkinson1120.png,1
Dataset/Parkinson/Parkinson62.png,1
Dataset/Parkinson/Parkinson770.png,1
Dataset/Parkinson/Parkinson805.png,1
Dataset/Parkinson/Parkinson1136.png,1
Dataset/Parkinson/Parkinson1158.png,1
Dataset/Parkinson/Parkinson584.png,1
Dataset/Parkinson/Parkinson3.png,1
Dataset/Parkinson/Parkinson12.png,1
Dataset/Parkinson/Parkinson1402.png,1
Dataset/Parkinson/Parkinson763.png,1
Dataset/Parkinson/Parkinson801.png,1
Dataset/Parkinson/Parkinson1565.png,1
Dataset/Parkinson/Parkinson306.png,1
Dataset/Parkinson/Parkinson1445.png,1
Dataset/Parkinson/Parkinson224.png,1
Dataset/Parkinson/Parkinson1312.png,1
Dataset/Parkinson/Parkinson926.png,1
Dataset/Parkinson/Parkinson15.png,1
Dataset/Parkinson/Parkinson9.png,1
Dataset/Parkinson/Parkinson1142.png,1
Dataset/Parkinson/Parkinson1326.png,1
Dataset/Parkinson/Parkinson270.png,1
Dataset/Parkinson/Parkinson1567.png,1
Dataset/Parkinson/Parkinson1195.png,1
Dataset/Parkinson/Parkinson64.png,1
Dataset/Parkinson/Parkinson259.png,1
Dataset/Parkinson/Parkinson1337.png,1
Dataset/Parkinson/Parkinson1306.png,1
Dataset/Parkinson/Parkinson1052.png,1
Dataset/Parkinson/Parkinson547.png,1
Dataset/Parkinson/Parkinson726.png,1
Dataset/Parkinson/Parkinson361.png,1
Dataset/Parkinson/Parkinson1209.png,1
Dataset/Parkinson/Parkinson1572.png,1
Dataset/Parkinson/Parkinson1235.png,1
Dataset/Parkinson/Parkinson835.png,1
Dataset/Parkinson/Parkinson544.png,1
Dataset/Parkinson/Parkinson324.png,1
Dataset/Parkinson/Parkinson343.png,1
Dataset/Parkinson/Parkinson596.png,1
Dataset/Parkinson/Parkinson1000.png,1
Dataset/Parkinson/Parkinson981.png,1
Dataset/Parkinson/Parkinson1427.png,1
Dataset/Parkinson/Parkinson693.png,1
Dataset/Parkinson/Parkinson814.png,1
Dataset/Parkinson/Parkinson1585.png,1
Dataset/Parkinson/Parkinson396.png,1
Dataset/Parkinson/Parkinson1580.png,1
Dataset/Parkinson/Parkinson745.png,1
Dataset/Parkinson/Parkinson220.png,1
Dataset/Parkinson/Parkinson341.png,1
Dataset/Parkinson/Parkinson1590.png,1
Dataset/Parkinson/Parkinson748.png,1
Dataset/Parkinson/Parkinson1046.png,1
Dataset/Parkinson/Parkinson1457.png,1
Dataset/Parkinson/Parkinson774.png,1
Dataset/Parkinson/Parkinson873.png,1
Dataset/Parkinson/Parkinson502.png,1
Dataset/Parkinson/Parkinson872.png,1
Dataset/Parkinson/Parkinson389.png,1
Dataset/Parkinson/Parkinson1007.png,1
Dataset/Parkinson/Parkinson791.png,1
Dataset/Parkinson/Parkinson194.png,1
Dataset/Parkinson/Parkinson632.png,1
Dataset/Parkinson/Parkinson799.png,1
Dataset/Parkinson/Parkinson1254.png,1
Dataset/Parkinson/Parkinson868.png,1
Dataset/Parkinson/Parkinson207.png,1
Dataset/Parkinson/Parkinson1044.png,1
Dataset/Parkinson/Parkinson650.png,1
Dataset/Parkinson/Parkinson11.png,1
Dataset/Parkinson/Parkinson299.png,1
Dataset/Parkinson/Parkinson1629.png,1
Dataset/Parkinson/Parkinson201.png,1
Dataset/Parkinson/Parkinson221.png,1
Dataset/Parkinson/Parkinson1124.png,1
Dataset/Parkinson/Parkinson1558.png,1
Dataset/Parkinson/Parkinson108.png,1
Dataset/Parkinson/Parkinson365.png,1
Dataset/Parkinson/Parkinson29.png,1
Dataset/Parkinson/Parkinson581.png,1
Dataset/Parkinson/Parkinson469.png,1
Dataset/Parkinson/Parkinson859.png,1
Dataset/Parkinson/Parkinson1431.png,1
Dataset/Parkinson/Parkinson376.png,1
Dataset/Parkinson/Parkinson130.png,1
Dataset/Parkinson/Parkinson228.png,1
Dataset/Parkinson/Parkinson1581.png,1
Dataset/Parkinson/Parkinson1137.png,1
Dataset/Parkinson/Parkinson558.png,1
Dataset/Parkinson/Parkinson713.png,1
Dataset/Parkinson/Parkinson675.png,1
Dataset/Parkinson/Parkinson1506.png,1
Dataset/Parkinson/Parkinson56.png,1
Dataset/Parkinson/Parkinson765.png,1
Dataset/Parkinson/Parkinson1319.png,1
Dataset/Parkinson/Parkinson1419.png,1
Dataset/Parkinson/Parkinson878.png,1
Dataset/Parkinson/Parkinson819.png,1
Dataset/Parkinson/Parkinson139.png,1
Dataset/Parkinson/Parkinson1365.png,1
Dataset/Parkinson/Parkinson129.png,1
Dataset/Parkinson/Parkinson310.png,1
Dataset/Parkinson/Parkinson735.png,1
Dataset/Parkinson/Parkinson586.png,1
Dataset/Parkinson/Parkinson1168.png,1
Dataset/Parkinson/Parkinson1115.png,1
Dataset/Parkinson/Parkinson1049.png,1
Dataset/Parkinson/Parkinson540.png,1
Dataset/Parkinson/Parkinson1110.png,1
Dataset/Parkinson/Parkinson27.png,1
Dataset/Parkinson/Parkinson1560.png,1
Dataset/Parkinson/Parkinson1021.png,1
Dataset/Parkinson/Parkinson606.png,1
Dataset/Parkinson/Parkinson573.png,1
Dataset/Parkinson/Parkinson687.png,1
Dataset/Parkinson/Parkinson917.png,1
Dataset/Parkinson/Parkinson111.png,1
Dataset/Parkinson/Parkinson1350.png,1
Dataset/Parkinson/Parkinson233.png,1
Dataset/Parkinson/Parkinson295.png,1
Dataset/Parkinson/Parkinson1092.png,1
Dataset/Parkinson/Parkinson394.png,1
Dataset/Parkinson/Parkinson1295.png,1
Dataset/Parkinson/Parkinson914.png,1
Dataset/Parkinson/Parkinson908.png,1
Dataset/Parkinson/Parkinson942.png,1
Dataset/Parkinson/Parkinson521.png,1
Dataset/Parkinson/Parkinson374.png,1
Dataset/Parkinson/Parkinson1348.png,1
Dataset/Parkinson/Parkinson1096.png,1
Dataset/Parkinson/Parkinson1625.png,1
Dataset/Parkinson/Parkinson213.png,1
Dataset/Parkinson/Parkinson73.png,1
Dataset/Parkinson/Parkinson1534.png,1
Dataset/Parkinson/Parkinson889.png,1
Dataset/Parkinson/Parkinson709.png,1
Dataset/Parkinson/Parkinson1371.png,1
Dataset/Parkinson/Parkinson665.png,1
Dataset/Parkinson/Parkinson1155.png,1
Dataset/Parkinson/Parkinson1391.png,1
Dataset/Parkinson/Parkinson882.png,1
Dataset/Parkinson/Parkinson1207.png,1
Dataset/Parkinson/Parkinson661.png,1
Dataset/Parkinson/Parkinson717.png,1
Dataset/Parkinson/Parkinson921.png,1
Dataset/Parkinson/Parkinson1488.png,1
Dataset/Parkinson/Parkinson1594.png,1
Dataset/Parkinson/Parkinson1036.png,1
Dataset/Parkinson/Parkinson301.png,1
Dataset/Parkinson/Parkinson1482.png,1
Dataset/Parkinson/Parkinson1031.png,1
Dataset/Parkinson/Parkinson326.png,1
Dataset/Parkinson/Parkinson728.png,1
Dataset/Parkinson/Parkinson970.png,1
Dataset/Parkinson/Parkinson305.png,1
Dataset/Parkinson/Parkinson1454.png,1
Dataset/Parkinson/Parkinson1275.png,1
Dataset/Parkinson/Parkinson322.png,1
Dataset/Parkinson/Parkinson116.png,1
Dataset/Parkinson/Parkinson595.png,1
Dataset/Parkinson/Parkinson393.png,1
Dataset/Parkinson/Parkinson1154.png,1
Dataset/Parkinson/Parkinson312.png,1
Dataset/Parkinson/Parkinson1621.png,1
Dataset/Parkinson/Parkinson1540.png,1
Dataset/Parkinson/Parkinson334.png,1
Dataset/Parkinson/Parkinson279.png,1
Dataset/Parkinson/Parkinson1339.png,1
Dataset/Parkinson/Parkinson654.png,1
Dataset/Parkinson/Parkinson436.png,1
Dataset/Parkinson/Parkinson222.png,1
Dataset/Parkinson/Parkinson50.png,1
Dataset/Parkinson/Parkinson937.png,1
Dataset/Parkinson/Parkinson1198.png,1
Dataset/Parkinson/Parkinson778.png,1
Dataset/Parkinson/Parkinson657.png,1
Dataset/Parkinson/Parkinson1234.png,1
Dataset/Parkinson/Parkinson511.png,1
Dataset/Parkinson/Parkinson300.png,1
Dataset/Parkinson/Parkinson243.png,1
Dataset/Parkinson/Parkinson95.png,1
Dataset/Parkinson/Parkinson1016.png,1
Dataset/Parkinson/Parkinson1117.png,1
Dataset/Parkinson/Parkinson1055.png,1
Dataset/Parkinson/Parkinson1238.png,1
Dataset/Parkinson/Parkinson1428.png,1
Dataset/Parkinson/Parkinson769.png,1
Dataset/Parkinson/Parkinson1370.png,1
Dataset/Parkinson/Parkinson491.png,1
Dataset/Parkinson/Parkinson268.png,1
Dataset/Parkinson/Parkinson1144.png,1
Dataset/Parkinson/Parkinson93.png,1
Dataset/Parkinson/Parkinson125.png,1
Dataset/Parkinson/Parkinson160.png,1
Dataset/Parkinson/Parkinson603.png,1
Dataset/Parkinson/Parkinson935.png,1
Dataset/Parkinson/Parkinson1396.png,1
Dataset/Parkinson/Parkinson206.png,1
Dataset/Parkinson/Parkinson1034.png,1
Dataset/Parkinson/Parkinson1269.png,1
Dataset/Parkinson/Parkinson1090.png,1
Dataset/Parkinson/Parkinson1050.png,1
Dataset/Parkinson/Parkinson1561.png,1
Dataset/Parkinson/Parkinson1421.png,1
Dataset/Parkinson/Parkinson307.png,1
Dataset/Parkinson/Parkinson1551.png,1
Dataset/Parkinson/Parkinson716.png,1
Dataset/Parkinson/Parkinson617.png,1
Dataset/Parkinson/Parkinson1170.png,1
Dataset/Parkinson/Parkinson124.png,1
Dataset/Parkinson/Parkinson583.png,1
Dataset/Parkinson/Parkinson256.png,1
Dataset/Parkinson/Parkinson734.png,1
Dataset/Parkinson/Parkinson391.png,1
Dataset/Parkinson/Parkinson1451.png,1
Dataset/Parkinson/Parkinson1258.png,1
Dataset/Parkinson/Parkinson1157.png,1
Dataset/Parkinson/Parkinson886.png,1
Dataset/Parkinson/Parkinson505.png,1
Dataset/Parkinson/Parkinson426.png,1
Dataset/Parkinson/Parkinson1214.png,1
Dataset/Parkinson/Parkinson1248.png,1
Dataset/Parkinson/Parkinson929.png,1
Dataset/Parkinson/Parkinson425.png,1
Dataset/Parkinson/Parkinson1178.png,1
Dataset/Parkinson/Parkinson841.png,1
Dataset/Parkinson/Parkinson1193.png,1
Dataset/Parkinson/Parkinson399.png,1
Dataset/Parkinson/Parkinson448.png,1
Dataset/Parkinson/Parkinson1187.png,1
Dataset/Parkinson/Parkinson659.png,1
Dataset/Parkinson/Parkinson941.png,1
Dataset/Parkinson/Parkinson329.png,1
Dataset/Parkinson/Parkinson861.png,1
Dataset/Parkinson/Parkinson634.png,1
Dataset/Parkinson/Parkinson1272.png,1
Dataset/Parkinson/Parkinson1018.png,1
Dataset/Parkinson/Parkinson260.png,1
Dataset/Parkinson/Parkinson1180.png,1
Dataset/Parkinson/Parkinson1461.png,1
Dataset/Parkinson/Parkinson495.png,1
Dataset/Parkinson/Parkinson1208.png,1
Dataset/Parkinson/Parkinson1228.png,1
Dataset/Parkinson/Parkinson1278.png,1
Dataset/Parkinson/Parkinson517.png,1
Dataset/Parkinson/Parkinson191.png,1
Dataset/Parkinson/Parkinson1620.png,1
Dataset/Parkinson/Parkinson743.png,1
Dataset/Parkinson/Parkinson449.png,1
Dataset/Parkinson/Parkinson476.png,1
Dataset/Parkinson/Parkinson1303.png,1
Dataset/Parkinson/Parkinson110.png,1
Dataset/Parkinson/Parkinson1607.png,1
Dataset/Parkinson/Parkinson1243.png,1
Dataset/Parkinson/Parkinson1526.png,1
Dataset/Parkinson/Parkinson165.png,1
Dataset/Parkinson/Parkinson379.png,1
Dataset/Parkinson/Parkinson1509.png,1
Dataset/Parkinson/Parkinson741.png,1
Dataset/Parkinson/Parkinson1099.png,1
Dataset/Parkinson/Parkinson452.png,1
Dataset/Parkinson/Parkinson813.png,1
Dataset/Parkinson/Parkinson982.png,1
Dataset/Parkinson/Parkinson184.png,1
Dataset/Parkinson/Parkinson1174.png,1
Dataset/Parkinson/Parkinson670.png,1
Dataset/Parkinson/Parkinson154.png,1
Dataset/Parkinson/Parkinson881.png,1
Dataset/Parkinson/Parkinson78.png,1
Dataset/Parkinson/Parkinson1152.png,1
Dataset/Parkinson/Parkinson568.png,1
Dataset/Parkinson/Parkinson403.png,1
Dataset/Parkinson/Parkinson26.png,1
Dataset/Parkinson/Parkinson1335.png,1
Dataset/Parkinson/Parkinson209.png,1
Dataset/Parkinson/Parkinson905.png,1
Dataset/Parkinson/Parkinson736.png,1
Dataset/Parkinson/Parkinson1322.png,1
Dataset/Parkinson/Parkinson785.png,1
Dataset/Parkinson/Parkinson1610.png,1
Dataset/Parkinson/Parkinson293.png,1
Dataset/Parkinson/Parkinson850.png,1
Dataset/Parkinson/Parkinson800.png,1
Dataset/Parkinson/Parkinson503.png,1
Dataset/Parkinson/Parkinson1128.png,1
Dataset/Parkinson/Parkinson1236.png,1
Dataset/Parkinson/Parkinson996.png,1
Dataset/Parkinson/Parkinson618.png,1
Dataset/Parkinson/Parkinson842.png,1
Dataset/Parkinson/Parkinson1330.png,1
Dataset/Parkinson/Parkinson185.png,1
Dataset/Parkinson/Parkinson1517.png,1
Dataset/Parkinson/Parkinson1181.png,1
Dataset/Parkinson/Parkinson242.png,1
Dataset/Parkinson/Parkinson575.png,1
Dataset/Parkinson/Parkinson852.png,1
Dataset/Parkinson/Parkinson1329.png,1
Dataset/Parkinson/Parkinson171.png,1
Dataset/Parkinson/Parkinson576.png,1
Dataset/Parkinson/Parkinson109.png,1
Dataset/Parkinson/Parkinson85.png,1
Dataset/Parkinson/Parkinson52.png,1
Dataset/Parkinson/Parkinson1061.png,1
Dataset/Parkinson/Parkinson1296.png,1
Dataset/Parkinson/Parkinson492.png,1
Dataset/Parkinson/Parkinson174.png,1
Dataset/Parkinson/Parkinson855.png,1
Dataset/Parkinson/Parkinson1126.png,1
Dataset/Parkinson/Parkinson1223.png,1
Dataset/Parkinson/Parkinson1177.png,1
Dataset/Parkinson/Parkinson646.png,1
Dataset/Parkinson/Parkinson200.png,1
Dataset/Parkinson/Parkinson1532.png,1
Dataset/Parkinson/Parkinson1025.png,1
Dataset/Parkinson/Parkinson975.png,1
Dataset/Parkinson/Parkinson530.png,1
Dataset/Parkinson/Parkinson1627.png,1
Dataset/Parkinson/Parkinson257.png,1
Dataset/Parkinson/Parkinson673.png,1
Dataset/Parkinson/Parkinson216.png,1
Dataset/Parkinson/Parkinson1631.png,1
Dataset/Parkinson/Parkinson947.png,1
Dataset/Parkinson/Parkinson51.png,1
Dataset/Parkinson/Parkinson112.png,1
Dataset/Parkinson/Parkinson496.png,1
Dataset/Parkinson/Parkinson1260.png,1
Dataset/Parkinson/Parkinson1008.png,1
Dataset/Parkinson/Parkinson1557.png,1
Dataset/Parkinson/Parkinson314.png,1
Dataset/Parkinson/Parkinson1530.png,1
Dataset/Parkinson/Parkinson1372.png,1
Dataset/Parkinson/Parkinson1519.png,1
Dataset/Parkinson/Parkinson215.png,1
Dataset/Parkinson/Parkinson1531.png,1
Dataset/Parkinson/Parkinson1442.png,1
Dataset/Parkinson/Parkinson1263.png,1
Dataset/Parkinson/Parkinson746.png,1
Dataset/Parkinson/Parkinson1554.png,1
Dataset/Parkinson/Parkinson651.png,1
Dataset/Parkinson/Parkinson1484.png,1
Dataset/Parkinson/Parkinson1616.png,1
Dataset/Parkinson/Parkinson623.png,1
Dataset/Parkinson/Parkinson346.png,1
Dataset/Parkinson/Parkinson1261.png,1
Dataset/Parkinson/Parkinson702.png,1
Dataset/Parkinson/Parkinson689.png,1
Dataset/Parkinson/Parkinson729.png,1
Dataset/Parkinson/Parkinson493.png,1
Dataset/Parkinson/Parkinson473.png,1
Dataset/Parkinson/Parkinson1578.png,1
Dataset/Parkinson/Parkinson832.png,1
Dataset/Parkinson/Parkinson181.png,1
Dataset/Parkinson/Parkinson483.png,1
Dataset/Parkinson/Parkinson902.png,1
Dataset/Parkinson/Parkinson467.png,1
Dataset/Parkinson/Parkinson1056.png,1
Dataset/Parkinson/Parkinson968.png,1
Dataset/Parkinson/Parkinson1179.png,1
Dataset/Parkinson/Parkinson550.png,1
Dataset/Parkinson/Parkinson824.png,1
Dataset/Parkinson/Parkinson977.png,1
Dataset/Parkinson/Parkinson1415.png,1
Dataset/Parkinson/Parkinson1443.png,1
Dataset/Parkinson/Parkinson691.png,1
Dataset/Parkinson/Parkinson1205.png,1
Dataset/Parkinson/Parkinson231.png,1
Dataset/Parkinson/Parkinson1098.png,1
Dataset/Parkinson/Parkinson757.png,1
Dataset/Parkinson/Parkinson525.png,1
Dataset/Parkinson/Parkinson87.png,1
Dataset/Parkinson/Parkinson1430.png,1
Dataset/Parkinson/Parkinson1596.png,1
Dataset/Parkinson/Parkinson622.png,1
Dataset/Parkinson/Parkinson989.png,1
Dataset/Parkinson/Parkinson481.png,1
Dataset/Parkinson/Parkinson325.png,1
Dataset/Parkinson/Parkinson1219.png,1
Dataset/Parkinson/Parkinson758.png,1
Dataset/Parkinson/Parkinson176.png,1
Dataset/Parkinson/Parkinson477.png,1
Dataset/Parkinson/Parkinson1277.png,1
Dataset/Parkinson/Parkinson1232.png,1
Dataset/Parkinson/Parkinson1360.png,1
Dataset/Parkinson/Parkinson188.png,1
Dataset/Parkinson/Parkinson1553.png,1
Dataset/Parkinson/Parkinson679.png,1
Dataset/Parkinson/Parkinson53.png,1
Dataset/Parkinson/Parkinson1462.png,1
Dataset/Parkinson/Parkinson531.png,1
Dataset/Parkinson/Parkinson1583.png,1
Dataset/Parkinson/Parkinson438.png,1
Dataset/Parkinson/Parkinson482.png,1
Dataset/Parkinson/Parkinson973.png,1
Dataset/Parkinson/Parkinson1162.png,1
Dataset/Parkinson/Parkinson352.png,1
Dataset/Parkinson/Parkinson1618.png,1
Dataset/Parkinson/Parkinson1505.png,1
Dataset/Parkinson/Parkinson1185.png,1
Dataset/Parkinson/Parkinson288.png,1
Dataset/Parkinson/Parkinson1617.png,1
Dataset/Parkinson/Parkinson186.png,1
Dataset/Parkinson/Parkinson444.png,1
Dataset/Parkinson/Parkinson445.png,1
Dataset/Parkinson/Parkinson1200.png,1
Dataset/Parkinson/Parkinson1257.png,1
Dataset/Parkinson/Parkinson1521.png,1
Dataset/Parkinson/Parkinson1240.png,1
Dataset/Parkinson/Parkinson153.png,1
Dataset/Parkinson/Parkinson474.png,1
Dataset/Parkinson/Parkinson638.png,1
Dataset/Parkinson/Parkinson1437.png,1
Dataset/Parkinson/Parkinson1477.png,1
Dataset/Parkinson/Parkinson1196.png,1
Dataset/Parkinson/Parkinson419.png,1
Dataset/Parkinson/Parkinson1172.png,1
Dataset/Parkinson/Parkinson972.png,1
Dataset/Parkinson/Parkinson828.png,1
Dataset/Parkinson/Parkinson1601.png,1
Dataset/Parkinson/Parkinson238.png,1
Dataset/Parkinson/Parkinson1579.png,1
Dataset/Parkinson/Parkinson489.png,1
Dataset/Parkinson/Parkinson1029.png,1
Dataset/Parkinson/Parkinson272.png,1
Dataset/Parkinson/Parkinson1213.png,1
Dataset/Parkinson/Parkinson91.png,1
Dataset/Parkinson/Parkinson1194.png,1
Dataset/Parkinson/Parkinson1288.png,1
Dataset/Parkinson/Parkinson1206.png,1
Dataset/Parkinson/Parkinson1395.png,1
Dataset/Parkinson/Parkinson1094.png,1
Dataset/Parkinson/Parkinson16.png,1
Dataset/Parkinson/Parkinson1432.png,1
Dataset/Parkinson/Parkinson750.png,1
Dataset/Parkinson/Parkinson755.png,1
Dataset/Parkinson/Parkinson1113.png,1
Dataset/Parkinson/Parkinson1542.png,1
Dataset/Parkinson/Parkinson106.png,1
Dataset/Parkinson/Parkinson847.png,1
Dataset/Parkinson/Parkinson1085.png,1
Dataset/Parkinson/Parkinson1080.png,1
Dataset/Parkinson/Parkinson1002.png,1
Dataset/Parkinson/Parkinson1301.png,1
Dataset/Parkinson/Parkinson1245.png,1
Dataset/Parkinson/Parkinson1290.png,1
Dataset/Parkinson/Parkinson723.png,1
Dataset/Parkinson/Parkinson133.png,1
Dataset/Parkinson/Parkinson628.png,1
Dataset/Parkinson/Parkinson1504.png,1
Dataset/Parkinson/Parkinson612.png,1
Dataset/Parkinson/Parkinson1083.png,1
Dataset/Parkinson/Parkinson1393.png,1
Dataset/Parkinson/Parkinson258.png,1
Dataset/Parkinson/Parkinson987.png,1
Dataset/Parkinson/Parkinson164.png,1
Dataset/Parkinson/Parkinson1422.png,1
Dataset/Parkinson/Parkinson557.png,1
Dataset/Parkinson/Parkinson537.png,1
Dataset/Parkinson/Parkinson1623.png,1
Dataset/Parkinson/Parkinson151.png,1
Dataset/Parkinson/Parkinson883.png,1
Dataset/Parkinson/Parkinson1524.png,1
Dataset/Parkinson/Parkinson1132.png,1
Dataset/Parkinson/Parkinson909.png,1
Dataset/Parkinson/Parkinson19.png,1
Dataset/Parkinson/Parkinson1215.png,1
Dataset/Parkinson/Parkinson554.png,1
Dataset/Parkinson/Parkinson311.png,1
Dataset/Parkinson/Parkinson616.png,1
Dataset/Parkinson/Parkinson1324.png,1
Dataset/Parkinson/Parkinson446.png,1
Dataset/Parkinson/Parkinson761.png,1
Dataset/Parkinson/Parkinson724.png,1
Dataset/Parkinson/Parkinson720.png,1
Dataset/Parkinson/Parkinson318.png,1
Dataset/Parkinson/Parkinson262.png,1
Dataset/Parkinson/Parkinson486.png,1
Dataset/Parkinson/Parkinson1097.png,1
Dataset/Parkinson/Parkinson1153.png,1
Dataset/Parkinson/Parkinson490.png,1
Dataset/Parkinson/Parkinson451.png,1
Dataset/Parkinson/Parkinson144.png,1
Dataset/Parkinson/Parkinson585.png,1
Dataset/Parkinson/Parkinson879.png,1
Dataset/Parkinson/Parkinson1218.png,1
Dataset/Parkinson/Parkinson143.png,1
Dataset/Parkinson/Parkinson371.png,1
Dataset/Parkinson/Parkinson1591.png,1
Dataset/Parkinson/Parkinson776.png,1
Dataset/Parkinson/Parkinson613.png,1
Dataset/Parkinson/Parkinson1416.png,1
Dataset/Parkinson/Parkinson870.png,1
Dataset/Parkinson/Parkinson30.png,1
Dataset/Parkinson/Parkinson5.png,1
Dataset/Parkinson/Parkinson170.png,1
Dataset/Parkinson/Parkinson478.png,1
Dataset/Parkinson/Parkinson635.png,1
Dataset/Parkinson/Parkinson513.png,1
Dataset/Parkinson/Parkinson1576.png,1
Dataset/Parkinson/Parkinson1392.png,1
Dataset/Parkinson/Parkinson1041.png,1
Dataset/Parkinson/Parkinson369.png,1
Dataset/Parkinson/Parkinson857.png,1
Dataset/Parkinson/Parkinson636.png,1
Dataset/Parkinson/Parkinson1013.png,1
Dataset/Parkinson/Parkinson871.png,1
Dataset/Parkinson/Parkinson1409.png,1
Dataset/Parkinson/Parkinson263.png,1
Dataset/Parkinson/Parkinson1210.png,1
Dataset/Parkinson/Parkinson1470.png,1
Dataset/Parkinson/Parkinson795.png,1
Dataset/Parkinson/Parkinson385.png,1
Dataset/Parkinson/Parkinson875.png,1
Dataset/Parkinson/Parkinson97.png,1
Dataset/Parkinson/Parkinson1318.png,1
Dataset/Parkinson/Parkinson1267.png,1
Dataset/Parkinson/Parkinson718.png,1
Dataset/Parkinson/Parkinson60.png,1
Dataset/Parkinson/Parkinson865.png,1
Dataset/Parkinson/Parkinson846.png,1
Dataset/Parkinson/Parkinson416.png,1
Dataset/Parkinson/Parkinson598.png,1
Dataset/Parkinson/Parkinson588.png,1
Dataset/Parkinson/Parkinson1354.png,1
Dataset/Parkinson/Parkinson931.png,1
Dataset/Parkinson/Parkinson344.png,1
Dataset/Parkinson/Parkinson113.png,1
Dataset/Parkinson/Parkinson1479.png,1
Dataset/Parkinson/Parkinson1149.png,1
Dataset/Parkinson/Parkinson1118.png,1
Dataset/Parkinson/Parkinson210.png,1
Dataset/Parkinson/Parkinson667.png,1
Dataset/Parkinson/Parkinson965.png,1
Dataset/Parkinson/Parkinson669.png,1
Dataset/Parkinson/Parkinson1511.png,1
Dataset/Parkinson/Parkinson74.png,1
Dataset/Parkinson/Parkinson1268.png,1
Dataset/Parkinson/Parkinson1447.png,1
Dataset/Parkinson/Parkinson249.png,1
Dataset/Parkinson/Parkinson424.png,1
Dataset/Parkinson/Parkinson1381.png,1
Dataset/Parkinson/Parkinson1247.png,1
Dataset/Parkinson/Parkinson570.png,1
Dataset/Parkinson/Parkinson84.png,1
Dataset/Parkinson/Parkinson480.png,1
Dataset/Parkinson/Parkinson1123.png,1
Dataset/Parkinson/Parkinson488.png,1
Dataset/Parkinson/Parkinson428.png,1
Dataset/Parkinson/Parkinson54.png,1
Dataset/Parkinson/Parkinson924.png,1
Dataset/Parkinson/Parkinson98.png,1
Dataset/Parkinson/Parkinson35.png,1
Dataset/Parkinson/Parkinson893.png,1
Dataset/Parkinson/Parkinson542.png,1
Dataset/Parkinson/Parkinson1376.png,1
Dataset/Parkinson/Parkinson31.png,1
Dataset/Parkinson/Parkinson383.png,1
Dataset/Parkinson/Parkinson1417.png,1
Dataset/Parkinson/Parkinson1138.png,1
Dataset/Parkinson/Parkinson456.png,1
Dataset/Parkinson/Parkinson304.png,1
Dataset/Parkinson/Parkinson1143.png,1
Dataset/Parkinson/Parkinson899.png,1
Dataset/Parkinson/Parkinson1065.png,1
Dataset/Parkinson/Parkinson1478.png,1
Dataset/Parkinson/Parkinson1064.png,1
Dataset/Parkinson/Parkinson956.png,1
Dataset/Parkinson/Parkinson1611.png,1
Dataset/Parkinson/Parkinson373.png,1
Dataset/Parkinson/Parkinson1385.png,1
Dataset/Parkinson/Parkinson372.png,1
Dataset/Parkinson/Parkinson366.png,1
Dataset/Parkinson/Parkinson423.png,1
Dataset/Parkinson/Parkinson1293.png,1
Dataset/Parkinson/Parkinson203.png,1
Dataset/Parkinson/Parkinson782.png,1
Dataset/Parkinson/Parkinson644.png,1
Dataset/Parkinson/Parkinson641.png,1
Dataset/Parkinson/Parkinson731.png,1
Dataset/Parkinson/Parkinson925.png,1
Dataset/Parkinson/Parkinson1549.png,1
Dataset/Parkinson/Parkinson592.png,1
Dataset/Parkinson/Parkinson1575.png,1
Dataset/Parkinson/Parkinson519.png,1
Dataset/Parkinson/Parkinson863.png,1
Dataset/Parkinson/Parkinson845.png,1
Dataset/Parkinson/Parkinson1067.png,1
Dataset/Parkinson/Parkinson218.png,1
Dataset/Parkinson/Parkinson1040.png,1
Dataset/Parkinson/Parkinson1346.png,1
Dataset/Parkinson/Parkinson1058.png,1
Dataset/Parkinson/Parkinson960.png,1
Dataset/Parkinson/Parkinson1017.png,1
Dataset/Parkinson/Parkinson849.png,1
Dataset/Parkinson/Parkinson1485.png,1
Dataset/Parkinson/Parkinson457.png,1
Dataset/Parkinson/Parkinson354.png,1
Dataset/Parkinson/Parkinson858.png,1
Dataset/Parkinson/Parkinson1259.png,1
Dataset/Parkinson/Parkinson1357.png,1
Dataset/Parkinson/Parkinson1499.png,1
Dataset/Parkinson/Parkinson330.png,1
Dataset/Parkinson/Parkinson884.png,1
Dataset/Parkinson/Parkinson1068.png,1
Dataset/Parkinson/Parkinson1536.png,1
Dataset/Parkinson/Parkinson190.png,1
Dataset/Parkinson/Parkinson1321.png,1
Dataset/Parkinson/Parkinson1613.png,1
Dataset/Parkinson/Parkinson1473.png,1
Dataset/Parkinson/Parkinson501.png,1
Dataset/Parkinson/Parkinson117.png,1
Dataset/Parkinson/Parkinson551.png,1
Dataset/Parkinson/Parkinson251.png,1
Dataset/Parkinson/Parkinson533.png,1
Dataset/Parkinson/Parkinson172.png,1
Dataset/Parkinson/Parkinson1570.png,1
Dataset/Parkinson/Parkinson853.png,1
Dataset/Parkinson/Parkinson99.png,1
Dataset/Parkinson/Parkinson321.png,1
Dataset/Parkinson/Parkinson168.png,1
Dataset/Parkinson/Parkinson1609.png,1
Dataset/Parkinson/Parkinson578.png,1
Dataset/Parkinson/Parkinson1224.png,1
Dataset/Parkinson/Parkinson916.png,1
Dataset/Parkinson/Parkinson400.png,1
Dataset/Parkinson/Parkinson964.png,1
Dataset/Parkinson/Parkinson1448.png,1
Dataset/Parkinson/Parkinson978.png,1
Dataset/Parkinson/Parkinson23.png,1
Dataset/Parkinson/Parkinson1593.png,1
Dataset/Parkinson/Parkinson1632.png,1
Dataset/Parkinson/Parkinson1012.png,1
Dataset/Parkinson/Parkinson1515.png,1
Dataset/Parkinson/Parkinson571.png,1
Dataset/Parkinson/Parkinson1449.png,1
Dataset/Parkinson/Parkinson356.png,1
Dataset/Parkinson/Parkinson128.png,1
Dataset/Parkinson/Parkinson1378.png,1
Dataset/Parkinson/Parkinson602.png,1
Dataset/Parkinson/Parkinson1285.png,1
Dataset/Parkinson/Parkinson281.png,1
Dataset/Parkinson/Parkinson211.png,1
Dataset/Parkinson/Parkinson395.png,1
Dataset/Parkinson/Parkinson780.png,1
Dataset/Parkinson/Parkinson441.png,1
Dataset/Parkinson/Parkinson690.png,1
Dataset/Parkinson/Parkinson1487.png,1
Dataset/Parkinson/Parkinson725.png,1
Dataset/Parkinson/Parkinson1501.png,1
Dataset/Parkinson/Parkinson359.png,1
Dataset/Parkinson/Parkinson303.png,1
Dataset/Parkinson/Parkinson1116.png,1
Dataset/Parkinson/Parkinson1491.png,1
Dataset/Parkinson/Parkinson1106.png,1
Dataset/Parkinson/Parkinson1079.png,1
Dataset/Parkinson/Parkinson46.png,1
Dataset/Parkinson/Parkinson545.png,1
Dataset/Parkinson/Parkinson1182.png,1
Dataset/Parkinson/Parkinson1204.png,1
Dataset/Parkinson/Parkinson1522.png,1
Dataset/Parkinson/Parkinson714.png,1
Dataset/Parkinson/Parkinson1559.png,1
Dataset/Parkinson/Parkinson196.png,1
Dataset/Parkinson/Parkinson412.png,1
Dataset/Parkinson/Parkinson413.png,1
Dataset/Parkinson/Parkinson856.png,1
Dataset/Parkinson/Parkinson1359.png,1
Dataset/Parkinson/Parkinson36.png,1
Dataset/Parkinson/Parkinson1382.png,1
Dataset/Parkinson/Parkinson1184.png,1
Dataset/Parkinson/Parkinson159.png,1
Dataset/Parkinson/Parkinson1498.png,1
Dataset/Parkinson/Parkinson983.png,1
Dataset/Parkinson/Parkinson118.png,1
Dataset/Parkinson/Parkinson1364.png,1
Dataset/Parkinson/Parkinson470.png,1
Dataset/Parkinson/Parkinson671.png,1
Dataset/Parkinson/Parkinson1114.png,1
Dataset/Parkinson/Parkinson137.png,1
Dataset/Parkinson/Parkinson240.png,1
Dataset/Parkinson/Parkinson1171.png,1
Dataset/Parkinson/Parkinson227.png,1
Dataset/Parkinson/Parkinson387.png,1
Dataset/Parkinson/Parkinson526.png,1
Dataset/Parkinson/Parkinson348.png,1
Dataset/Parkinson/Parkinson1133.png,1
Dataset/Parkinson/Parkinson730.png,1
Dataset/Parkinson/Parkinson1358.png,1
Dataset/Parkinson/Parkinson957.png,1
Dataset/Parkinson/Parkinson380.png,1
Dataset/Parkinson/Parkinson277.png,1
Dataset/Parkinson/Parkinson1014.png,1
Dataset/Parkinson/Parkinson239.png,1
Dataset/Parkinson/Parkinson253.png,1
Dataset/Parkinson/Parkinson1327.png,1
Dataset/Parkinson/Parkinson951.png,1
Dataset/Parkinson/Parkinson1093.png,1
Dataset/Parkinson/Parkinson866.png,1
Dataset/Parkinson/Parkinson468.png,1
Dataset/Parkinson/Parkinson1160.png,1
Dataset/Parkinson/Parkinson923.png,1
Dataset/Parkinson/Parkinson1406.png,1
Dataset/Parkinson/Parkinson115.png,1
Dataset/Parkinson/Parkinson885.png,1
Dataset/Parkinson/Parkinson680.png,1
Dataset/Parkinson/Parkinson1566.png,1
Dataset/Parkinson/Parkinson138.png,1
Dataset/Parkinson/Parkinson1161.png,1
Dataset/Parkinson/Parkinson1189.png,1
Dataset/Parkinson/Parkinson167.png,1
Dataset/Parkinson/Parkinson162.png,1
Dataset/Parkinson/Parkinson1341.png,1
Dataset/Parkinson/Parkinson614.png,1
Dataset/Parkinson/Parkinson1400.png,1
Dataset/Parkinson/Parkinson40.png,1
Dataset/Parkinson/Parkinson1394.png,1
Dataset/Parkinson/Parkinson969.png,1
Dataset/Parkinson/Parkinson347.png,1
Dataset/Parkinson/Parkinson747.png,1
Dataset/Parkinson/Parkinson808.png,1
Dataset/Parkinson/Parkinson1105.png,1
Dataset/Parkinson/Parkinson332.png,1
Dataset/Parkinson/Parkinson768.png,1
Dataset/Parkinson/Parkinson2.png,1
Dataset/Parkinson/Parkinson465.png,1
Dataset/Parkinson/Parkinson463.png,1
Dataset/Parkinson/Parkinson579.png,1
Dataset/Parkinson/Parkinson1605.png,1
Dataset/Parkinson/Parkinson454.png,1
Dataset/Parkinson/Parkinson534.png,1
Dataset/Parkinson/Parkinson1361.png,1
Dataset/Parkinson/Parkinson548.png,1
Dataset/Parkinson/Parkinson625.png,1
Dataset/Parkinson/Parkinson1230.png,1
Dataset/Parkinson/Parkinson727.png,1
Dataset/Parkinson/Parkinson422.png,1
Dataset/Parkinson/Parkinson1077.png,1
Dataset/Parkinson/Parkinson267.png,1
Dataset/Parkinson/Parkinson1344.png,1
Dataset/Parkinson/Parkinson1349.png,1
Dataset/Parkinson/Parkinson712.png,1
Dataset/Parkinson/Parkinson1604.png,1
Dataset/Parkinson/Parkinson1237.png,1
Dataset/Parkinson/Parkinson1493.png,1
Dataset/Parkinson/Parkinson1188.png,1
Dataset/Parkinson/Parkinson759.png,1
Dataset/Parkinson/Parkinson535.png,1
Dataset/Parkinson/Parkinson107.png,1
Dataset/Parkinson/Parkinson1441.png,1
Dataset/Parkinson/Parkinson1004.png,1
Dataset/Parkinson/Parkinson837.png,1
Dataset/Parkinson/Parkinson1513.png,1
Dataset/Parkinson/Parkinson556.png,1
Dataset/Parkinson/Parkinson127.png,1
Dataset/Parkinson/Parkinson552.png,1
Dataset/Parkinson/Parkinson358.png,1
Dataset/Parkinson/Parkinson339.png,1
Dataset/Parkinson/Parkinson18.png,1
Dataset/Parkinson/Parkinson694.png,1
Dataset/Parkinson/Parkinson169.png,1
Dataset/Parkinson/Parkinson313.png,1
Dataset/Parkinson/Parkinson797.png,1
Dataset/Parkinson/Parkinson777.png,1
Dataset/Parkinson/Parkinson894.png,1
Dataset/Parkinson/Parkinson1033.png,1
Dataset/Parkinson/Parkinson1438.png,1
Dataset/Parkinson/Parkinson896.png,1
Dataset/Parkinson/Parkinson817.png,1
Dataset/Parkinson/Parkinson766.png,1
Dataset/Parkinson/Parkinson1273.png,1
Dataset/Parkinson/Parkinson811.png,1
Dataset/Parkinson/Parkinson653.png,1
Dataset/Parkinson/Parkinson462.png,1
Dataset/Parkinson/Parkinson1619.png,1
Dataset/Parkinson/Parkinson79.png,1
Dataset/Parkinson/Parkinson1347.png,1
Dataset/Parkinson/Parkinson1497.png,1
Dataset/Parkinson/Parkinson192.png,1
Dataset/Parkinson/Parkinson484.png,1
Dataset/Parkinson/Parkinson988.png,1
Dataset/Parkinson/Parkinson1127.png,1
Dataset/Parkinson/Parkinson166.png,1
Dataset/Parkinson/Parkinson141.png,1
Dataset/Parkinson/Parkinson274.png,1
Dataset/Parkinson/Parkinson997.png,1
Dataset/Parkinson/Parkinson223.png,1
Dataset/Parkinson/Parkinson147.png,1
Dataset/Parkinson/Parkinson971.png,1
Dataset/Parkinson/Parkinson1173.png,1
Dataset/Parkinson/Parkinson1568.png,1
Dataset/Parkinson/Parkinson401.png,1
Dataset/Parkinson/Parkinson615.png,1
Dataset/Parkinson/Parkinson1547.png,1
Dataset/Parkinson/Parkinson611.png,1
Dataset/Parkinson/Parkinson63.png,1
Dataset/Parkinson/Parkinson1078.png,1
Dataset/Parkinson/Parkinson1628.png,1
Dataset/Parkinson/Parkinson447.png,1
Dataset/Parkinson/Parkinson1284.png,1
Dataset/Parkinson/Parkinson114.png,1
Dataset/Parkinson/Parkinson642.png,1
Dataset/Parkinson/Parkinson1023.png,1
Dataset/Parkinson/Parkinson944.png,1
Dataset/Parkinson/Parkinson767.png,1
Dataset/Parkinson/Parkinson102.png,1
Dataset/Parkinson/Parkinson1550.png,1
Dataset/Parkinson/Parkinson410.png,1
Dataset/Parkinson/Parkinson892.png,1
Dataset/Parkinson/Parkinson816.png,1
Dataset/Parkinson/Parkinson1244.png,1
Dataset/Parkinson/Parkinson309.png,1
Dataset/Parkinson/Parkinson703.png,1
Dataset/Parkinson/Parkinson156.png,1
Dataset/Parkinson/Parkinson378.png,1
Dataset/Parkinson/Parkinson903.png,1
Dataset/Parkinson/Parkinson1241.png,1
Dataset/Parkinson/Parkinson783.png,1
Dataset/Parkinson/Parkinson1020.png,1
Dataset/Parkinson/Parkinson1314.png,1
Dataset/Parkinson/Parkinson1211.png,1
Dataset/Parkinson/Parkinson1287.png,1
Dataset/Parkinson/Parkinson1084.png,1
Dataset/Parkinson/Parkinson1548.png,1
Dataset/Parkinson/Parkinson822.png,1
Dataset/Parkinson/Parkinson827.png,1
Dataset/Parkinson/Parkinson398.png,1
Dataset/Parkinson/Parkinson1429.png,1
Dataset/Parkinson/Parkinson1086.png,1
Dataset/Parkinson/Parkinson1424.png,1
Dataset/Parkinson/Parkinson163.png,1
Dataset/Parkinson/Parkinson974.png,1
Dataset/Parkinson/Parkinson959.png,1
Dataset/Parkinson/Parkinson204.png,1
Dataset/Parkinson/Parkinson574.png,1
Dataset/Parkinson/Parkinson158.png,1
Dataset/Parkinson/Parkinson275.png,1
Dataset/Parkinson/Parkinson1433.png,1
Dataset/Parkinson/Parkinson1063.png,1
Dataset/Parkinson/Parkinson580.png,1
Dataset/Parkinson/Parkinson1363.png,1
Dataset/Parkinson/Parkinson1283.png,1
Dataset/Parkinson/Parkinson932.png,1
Dataset/Parkinson/Parkinson862.png,1
Dataset/Parkinson/Parkinson599.png,1
Dataset/Parkinson/Parkinson775.png,1
Dataset/Parkinson/Parkinson699.png,1
Dataset/Parkinson/Parkinson1066.png,1
Dataset/Parkinson/Parkinson906.png,1
Dataset/Parkinson/Parkinson1418.png,1
Dataset/Parkinson/Parkinson363.png,1
Dataset/Parkinson/Parkinson121.png,1
Dataset/Parkinson/Parkinson414.png,1
Dataset/Parkinson/Parkinson1413.png,1
Dataset/Parkinson/Parkinson1588.png,1
Dataset/Parkinson/Parkinson722.png,1
Dataset/Parkinson/Parkinson49.png,1
Dataset/Parkinson/Parkinson225.png,1
Dataset/Parkinson/Parkinson90.png,1
Dataset/Parkinson/Parkinson637.png,1
Dataset/Parkinson/Parkinson217.png,1
Dataset/Parkinson/Parkinson1464.png,1
Dataset/Parkinson/Parkinson1362.png,1
Dataset/Parkinson/Parkinson1386.png,1
Dataset/Parkinson/Parkinson1265.png,1
Dataset/Parkinson/Parkinson898.png,1
Dataset/Parkinson/Parkinson963.png,1
Dataset/Parkinson/Parkinson381.png,1
Dataset/Parkinson/Parkinson1151.png,1
Dataset/Parkinson/Parkinson1037.png,1
Dataset/Parkinson/Parkinson887.png,1
Dataset/Parkinson/Parkinson1069.png,1
Dataset/Parkinson/Parkinson1332.png,1
Dataset/Parkinson/Parkinson520.png,1
Dataset/Parkinson/Parkinson1289.png,1
Dataset/Parkinson/Parkinson1614.png,1
Dataset/Parkinson/Parkinson708.png,1
Dataset/Parkinson/Parkinson1072.png,1
Dataset/Parkinson/Parkinson1199.png,1
Dataset/Parkinson/Parkinson804.png,1
Dataset/Parkinson/Parkinson1334.png,1
Dataset/Parkinson/Parkinson508.png,1
Dataset/Parkinson/Parkinson1563.png,1
Dataset/Parkinson/Parkinson976.png,1
Dataset/Parkinson/Parkinson561.png,1
Dataset/Parkinson/Parkinson1103.png,1
Dataset/Parkinson/Parkinson532.png,1
Dataset/Parkinson/Parkinson1175.png,1
Dataset/Parkinson/Parkinson587.png,1
Dataset/Parkinson/Parkinson620.png,1
Dataset/Parkinson/Parkinson607.png,1
Dataset/Parkinson/Parkinson1071.png,1
Dataset/Parkinson/Parkinson71.png,1
Dataset/Parkinson/Parkinson177.png,1
Dataset/Parkinson/Parkinson101.png,1
Dataset/Parkinson/Parkinson1414.png,1
Dataset/Parkinson/Parkinson134.png,1
Dataset/Parkinson/Parkinson907.png,1
Dataset/Parkinson/Parkinson999.png,1
Dataset/Parkinson/Parkinson1043.png,1
Dataset/Parkinson/Parkinson1311.png,1
Dataset/Parkinson/Parkinson1436.png,1
Dataset/Parkinson/Parkinson273.png,1
Dataset/Parkinson/Parkinson432.png,1
Dataset/Parkinson/Parkinson1191.png,1
Dataset/Parkinson/Parkinson867.png,1
Dataset/Parkinson/Parkinson809.png,1
Dataset/Parkinson/Parkinson42.png,1
Dataset/Parkinson/Parkinson688.png,1
Dataset/Parkinson/Parkinson1598.png,1
Dataset/Parkinson/Parkinson1111.png,1
Dataset/Parkinson/Parkinson88.png,1
Dataset/Parkinson/Parkinson1514.png,1
Dataset/Parkinson/Parkinson772.png,1
Dataset/Parkinson/Parkinson1507.png,1
Dataset/Parkinson/Parkinson1147.png,1
Dataset/Parkinson/Parkinson1148.png,1
Dataset/Parkinson/Parkinson1035.png,1
Dataset/Parkinson/Parkinson1388.png,1
Dataset/Parkinson/Parkinson1569.png,1
Dataset/Parkinson/Parkinson840.png,1
Dataset/Parkinson/Parkinson1486.png,1
Dataset/Parkinson/Parkinson549.png,1
Dataset/Parkinson/Parkinson466.png,1
Dataset/Parkinson/Parkinson1474.png,1
Dataset/Parkinson/Parkinson1538.png,1
Dataset/Parkinson/Parkinson1027.png,1
Dataset/Parkinson/Parkinson1150.png,1
Dataset/Parkinson/Parkinson1512.png,1
Dataset/Parkinson/Parkinson24.png,1
Dataset/Parkinson/Parkinson362.png,1
Dataset/Parkinson/Parkinson245.png,1
Dataset/Parkinson/Parkinson1468.png,1
Dataset/Parkinson/Parkinson1379.png,1
Dataset/Parkinson/Parkinson919.png,1
Dataset/Parkinson/Parkinson408.png,1
Dataset/Parkinson/Parkinson1271.png,1
Dataset/Parkinson/Parkinson1367.png,1
Dataset/Parkinson/Parkinson1057.png,1
Dataset/Parkinson/Parkinson1366.png,1
Dataset/Parkinson/Parkinson1467.png,1
Dataset/Parkinson/Parkinson1455.png,1
Dataset/Parkinson/Parkinson605.png,1
Dataset/Parkinson/Parkinson255.png,1
Dataset/Parkinson/Parkinson1543.png,1
Dataset/Parkinson/Parkinson678.png,1
Dataset/Parkinson/Parkinson302.png,1
Dataset/Parkinson/Parkinson442.png,1
Dataset/Parkinson/Parkinson1011.png,1
Dataset/Parkinson/Parkinson65.png,1
Dataset/Parkinson/Parkinson1331.png,1
Dataset/Parkinson/Parkinson1533.png,1
Dataset/Parkinson/Parkinson820.png,1
Dataset/Parkinson/Parkinson601.png,1
Dataset/Parkinson/Parkinson1384.png,1
Dataset/Parkinson/Parkinson1571.png,1
Dataset/Parkinson/Parkinson25.png,1
Dataset/Parkinson/Parkinson1439.png,1
Dataset/Parkinson/Parkinson1019.png,1
Dataset/Parkinson/Parkinson1280.png,1
Dataset/Parkinson/Parkinson880.png,1
Dataset/Parkinson/Parkinson1135.png,1
Dataset/Parkinson/Parkinson958.png,1
Dataset/Parkinson/Parkinson668.png,1
Dataset/Parkinson/Parkinson183.png,1
Dataset/Parkinson/Parkinson1407.png,1
Dataset/Parkinson/Parkinson205.png,1
Dataset/Parkinson/Parkinson1222.png,1
Dataset/Parkinson/Parkinson643.png,1
Dataset/Parkinson/Parkinson1282.png,1
Dataset/Parkinson/Parkinson952.png,1
Dataset/Parkinson/Parkinson1107.png,1
Dataset/Parkinson/Parkinson1305.png,1
Dataset/Parkinson/Parkinson1375.png,1
Dataset/Parkinson/Parkinson597.png,1
Dataset/Parkinson/Parkinson123.png,1
Dataset/Parkinson/Parkinson92.png,1
Dataset/Parkinson/Parkinson1480.png,1
Dataset/Parkinson/Parkinson22.png,1
Dataset/Parkinson/Parkinson732.png,1
Dataset/Parkinson/Parkinson1317.png,1
Dataset/Parkinson/Parkinson1323.png,1
Dataset/Parkinson/Parkinson719.png,1
Dataset/Parkinson/Parkinson704.png,1
Dataset/Parkinson/Parkinson1073.png,1
Dataset/Parkinson/Parkinson798.png,1
Dataset/Parkinson/Parkinson938.png,1
Dataset/Parkinson/Parkinson1539.png,1
Dataset/Parkinson/Parkinson1555.png,1
Dataset/Parkinson/Parkinson375.png,1
Dataset/Parkinson/Parkinson320.png,1
Dataset/Parkinson/Parkinson1577.png,1
Dataset/Parkinson/Parkinson76.png,1
Dataset/Parkinson/Parkinson161.png,1
Dataset/Parkinson/Parkinson953.png,1
Dataset/Parkinson/Parkinson577.png,1
Dataset/Parkinson/Parkinson1537.png,1
Dataset/Parkinson/Parkinson773.png,1
Dataset/Parkinson/Parkinson721.png,1
Dataset/Parkinson/Parkinson806.png,1
Dataset/Parkinson/Parkinson954.png,1
Dataset/Parkinson/Parkinson86.png,1
Dataset/Parkinson/Parkinson1122.png,1
Dataset/Parkinson/Parkinson244.png,1
Dataset/Parkinson/Parkinson82.png,1
Dataset/Parkinson/Parkinson895.png,1
Dataset/Parkinson/Parkinson1274.png,1
Dataset/Parkinson/Parkinson936.png,1
Dataset/Parkinson/Parkinson737.png,1
Dataset/Parkinson/Parkinson1062.png,1
Dataset/Parkinson/Parkinson1434.png,1
Dataset/Parkinson/Parkinson1552.png,1
Dataset/Parkinson/Parkinson1315.png,1
Dataset/Parkinson/Parkinson876.png,1
Dataset/Parkinson/Parkinson829.png,1
Dataset/Parkinson/Parkinson1309.png,1
Dataset/Parkinson/Parkinson433.png,1
Dataset/Parkinson/Parkinson319.png,1
Dataset/Parkinson/Parkinson1574.png,1
Dataset/Parkinson/Parkinson682.png,1
Dataset/Parkinson/Parkinson1109.png,1
Dataset/Parkinson/Parkinson345.png,1
Dataset/Parkinson/Parkinson1003.png,1
Dataset/Parkinson/Parkinson434.png,1
Dataset/Parkinson/Parkinson173.png,1
Dataset/Parkinson/Parkinson1500.png,1
Dataset/Parkinson/Parkinson45.png,1
Dataset/Parkinson/Parkinson934.png,1
Dataset/Parkinson/Parkinson1294.png,1
Dataset/Parkinson/Parkinson1353.png,1
Dataset/Parkinson/Parkinson464.png,1
Dataset/Parkinson/Parkinson1518.png,1
Dataset/Parkinson/Parkinson357.png,1
Dataset/Parkinson/Parkinson794.png,1
Dataset/Parkinson/Parkinson479.png,1
Dataset/Parkinson/Parkinson600.png,1
Dataset/Parkinson/Parkinson390.png,1
Dataset/Parkinson/Parkinson771.png,1
Dataset/Parkinson/Parkinson624.png,1
Dataset/Parkinson/Parkinson523.png,1
Dataset/Parkinson/Parkinson516.png,1
Dataset/Parkinson/Parkinson1599.png,1
Dataset/Parkinson/Parkinson180.png,1
Dataset/Parkinson/Parkinson594.png,1
Dataset/Parkinson/Parkinson1101.png,1
Dataset/Parkinson/Parkinson784.png,1
Dataset/Parkinson/Parkinson1564.png,1
Dataset/Parkinson/Parkinson696.png,1
Dataset/Parkinson/Parkinson515.png,1
Dataset/Parkinson/Parkinson666.png,1
Dataset/Parkinson/Parkinson289.png,1
Dataset/Parkinson/Parkinson582.png,1
Dataset/Parkinson/Parkinson1355.png,1
Dataset/Parkinson/Parkinson360.png,1
Dataset/Parkinson/Parkinson499.png,1
Dataset/Parkinson/Parkinson55.png,1
Dataset/Parkinson/Parkinson1252.png,1
Dataset/Parkinson/Parkinson572.png,1
Dataset/Parkinson/Parkinson553.png,1
Dataset/Parkinson/Parkinson1425.png,1
Dataset/Parkinson/Parkinson1342.png,1
Dataset/Parkinson/Parkinson175.png,1
Dataset/Parkinson/Parkinson37.png,1
Dataset/Parkinson/Parkinson1423.png,1
Dataset/Parkinson/Parkinson967.png,1
Dataset/Parkinson/Parkinson39.png,1
Dataset/Parkinson/Parkinson900.png,1
Dataset/Parkinson/Parkinson1159.png,1
Dataset/Parkinson/Parkinson715.png,1
Dataset/Parkinson/Parkinson202.png,1
Dataset/Parkinson/Parkinson621.png,1
Dataset/Parkinson/Parkinson1495.png,1
Dataset/Parkinson/Parkinson1298.png,1
Dataset/Parkinson/Parkinson685.png,1
Dataset/Parkinson/Parkinson1336.png,1
Dataset/Parkinson/Parkinson208.png,1
Dataset/Parkinson/Parkinson890.png,1
Dataset/Parkinson/Parkinson276.png,1
Dataset/Parkinson/Parkinson1481.png,1
Dataset/Parkinson/Parkinson1333.png,1
Dataset/Parkinson/Parkinson229.png,1
Dataset/Parkinson/Parkinson487.png,1
Dataset/Parkinson/Parkinson331.png,1
Dataset/Parkinson/Parkinson1304.png,1
Dataset/Parkinson/Parkinson1458.png,1
